UT,Brand,FillingStart,FillingEnd,ConnStart,ConnEnd
13,Amstel Utra,12/4/2022 11:43,12/4/2022 22:05,13/4/2022 13:00,17/4/2022 11:00
13,Carta Blanca,17/1/2022 15:49,18/1/2022 00:59,18/1/2022 19:00,22/1/2022 09:00
13,Carta Blanca,21/3/2022 06:21,21/3/2022 15:47,22/3/2022 17:00,26/3/2022 02:34
13,Carta Blanca,22/4/2022 04:32,,23/4/2022 05:12,28/4/2022 06:00
13,Carta Blanca,27/5/2022 07:50,27/5/2022 16:05,28/5/2022 07:00,1/6/2022 05:36
13,Carta Blanca,20/8/2022 17:44,21/8/2022 02:25,21/8/2022 18:35,26/8/2022 17:36
13,Carta Blanca,30/11/2022 01:38,30/11/2022 20:37,1/12/2022 08:00,6/12/2022 18:00
13,Carta Blanca,2/5/2023 15:17,2/5/2023 23:39,3/5/2023 22:45,8/5/2023 05:00
13,Coors Light,3/5/2022 20:22,5/5/2022 04:01,5/5/2022 10:00,10/5/2022 03:00
13,Coors Light,2/10/2022 15:01,4/10/2022 03:00,4/10/2022 15:00,9/10/2022 17:00
13,Coors Light,30/1/2023 12:27,31/1/2023 22:34,1/2/2023 11:00,6/2/2023 06:00
13,Miller,16/2/2022 19:47,17/2/2022 13:28,18/2/2022 00:50,22/2/2022 04:00
13,Miller,1/4/2022 23:34,2/4/2022 07:53,2/4/2022 23:00,6/4/2022 18:34
13,Miller,3/4/2023 00:33,3/4/2023 13:29,4/4/2023 00:30,6/4/2023 12:00
13,Miller,17/6/2023 06:01,17/6/2023 12:50,18/6/2023 03:50,22/6/2023 06:00
13,Sol,6/6/2022 00:54,6/6/2022 10:03,7/6/2022 08:30,10/6/2022 18:00
13,Sol,26/6/2022 09:11,26/6/2022 19:11,27/6/2022 22:00,2/7/2022 05:35
13,Sol,14/10/2022 02:51,14/10/2022 10:30,15/10/2022 04:30,20/10/2022 04:00
13,Sol,6/1/2023 01:34,6/1/2023 14:05,1/7/2023 05:00,11/1/2023 09:51
13,Sol,14/2/2023 03:29,15/2/2023 17:18,15/2/2023 06:00,19/2/2023 18:30
13,Sol,14/5/2023 10:28,14/5/2023 18:00,15/5/2023 12:00,19/5/2023 05:00
13,Tecate,16/6/2022 00:18,16/6/2022 10:44,17/6/2022 08:00,20/6/2022 16:00
13,Tecate,6/7/2022 18:50,7/7/2022 04:21,7/7/2022 14:00,11/7/2022 18:00
13,Tecate,18/7/2022 00:26,18/7/2022 12:48,19/7/2022 03:40,23/7/2022 16:00
13,Tecate,30/7/2022 08:17,30/7/2022 13:07,31/7/2022 01:00,4/8/2022 21:30
13,Tecate,24/10/2022 05:30,24/10/2022 11:49,25/10/2022 07:00,28/10/2022 18:15
13,Tecate,4/6/2023 16:19,5/6/2023 01:41,5/6/2023 12:00,10/6/2023 04:21
13,Tecate Light,6/1/2022 12:33,6/1/2022 22:29,8/1/2022 00:30,12/1/2022 02:00
13,Tecate Light,4/2/2022 13:39,4/2/2022 22:00,4/2/2022 18:00,10/2/2022 01:26
13,Tecate Light,27/2/2022 09:42,27/2/2022 19:07,28/2/2022 10:00,4/3/2022 09:00
13,Tecate Light,9/3/2022 10:15,9/3/2022 17:43,10/3/2022 09:00,14/3/2022 12:00
13,Tecate Light,16/5/2022 18:04,17/5/2022 00:53,17/5/2022 21:00,22/5/2022 05:50
13,Tecate Light,10/8/2022 14:58,10/8/2022 22:07,11/8/2022 13:30,15/8/2022 19:00
13,Tecate Light,30/8/2022 00:16,30/8/2022 06:50,31/8/2022 04:15,4/9/2022 06:51
13,Tecate Light,10/9/2022 06:33,10/9/2022 13:52,11/9/2022 05:00,15/9/2022 03:59
13,Tecate Light,21/9/2022 04:12,21/9/2022 09:40,22/9/2022 02:10,27/9/2022 01:35
13,Tecate Light,3/11/2022 07:49,3/11/2022 23:26,4/11/2022 10:00,8/11/2022 08:00
13,Tecate Light,13/11/2022 21:32,14/11/2022 06:22,15/11/2022 08:00,20/11/2022 05:00
13,Tecate Light,10/12/2022 19:07,11/12/2022 01:23,11/12/2022 10:00,17/12/2022 05:00
13,Tecate Light,22/12/2022 09:13,22/12/2022 15:30,23/12/2022 13:00,28/12/2022 05:00
13,Tecate Light,17/1/2023 08:49,17/1/2023 20:49,18/1/2023 14:15,22/1/2023 05:00
13,Tecate Light,25/2/2023 18:41,26/2/2023 02:15,26/2/2023 20:08,3/3/2023 12:00
13,Tecate Light,9/3/2023 23:31,10/3/2023 10:30,11/3/2023 03:30,14/3/2023 09:17
13,Tecate Light,19/3/2023 08:25,19/3/2023 17:15,20/3/2023 08:00,24/3/2023 09:00
13,Tecate Light,19/4/2023 19:17,20/4/2023 04:40,20/4/2023 00:00,
13,Tecate Light,23/5/2023 10:24,23/5/2023 18:00,24/5/2023 09:30,29/5/2023 18:00
13,Tecate Light,29/6/2023 07:11,29/6/2023 23:19,30/6/2023 14:20,3/7/2023 09:25
14,Amstel Utra,27/4/2023 14:13,28/4/2023 08:00,28/4/2023 19:30,5/3/2023 00:16
14,Carta Blanca,6/4/2022 15:53,7/4/2022 01:14,7/4/2022 18:00,4/12/2022 14:06
14,Carta Blanca,11/5/2022 04:11,11/5/2022 13:15,11/5/2022 21:00,16/5/2022 19:30
14,Carta Blanca,30/5/2022 09:48,30/5/2022 17:04,31/5/2022 13:06,6/6/2022 18:00
14,Carta Blanca,19/6/2022 15:17,,20/6/2022 14:00,24/6/2022 23:22
14,Carta Blanca,11/7/2022 01:06,11/7/2022 15:27,12/7/2022 05:00,16/7/2022 11:21
14,Carta Blanca,28/9/2022 20:13,29/9/2022 04:27,29/9/2022 22:30,4/10/2022 05:00
14,Carta Blanca,10/2/2023 16:16,10/2/2023 22:47,11/2/2023 21:00,17/2/2023 06:00
14,Carta Blanca,7/3/2023 06:25,7/3/2023 12:23,8/3/2023 09:30,12/3/2023 06:00
14,Carta Blanca,16/4/2023 16:42,16/4/2023 22:56,17/4/2023 16:00,22/4/2023 17:00
14,Carta Blanca,21/5/2023 19:22,21/5/2023 06:52,22/5/2023 23:00,27/5/2023 16:10
14,Coors Light,5/8/2022 03:13,6/8/2022 20:15,6/8/2022 20:30,12/8/2022 00:30
14,Miller,14/1/2023 16:49,15/1/2023 00:18,15/1/2023 17:00,20/1/2023 18:00
14,Sol,21/5/2022 07:33,21/5/2022 19:35,22/5/2022 10:40,26/5/2022 01:00
14,Sol,10/10/2022 18:08,11/10/2022 01:23,11/10/2022 19:00,16/10/2022 17:00
14,Sol,31/10/2022 07:44,31/10/2022 21:09,1/11/2022 14:00,5/11/2022 15:00
14,Sol,11/6/2023 16:12,12/6/2023 00:46,12/6/2023 15:45,17/6/2023 03:00
14,Tecate,4/2/2022 02:39,4/2/2022 13:15,5/2/2022 14:00,9/2/2022 04:46
14,Tecate,30/6/2022 14:43,30/6/2022 22:48,1/7/2022 12:53,6/7/2022 04:00
14,Tecate,22/7/2022 23:53,23/7/2022 08:10,23/7/2022 20:30,28/7/2022 17:00
14,Tecate,5/9/2022 16:48,6/9/2022 00:03,6/9/2022 20:00,10/9/2022 21:55
14,Tecate,17/9/2022 15:47,18/9/2002 00:34,18/9/2022 13:00,21/9/2022 18:30
14,Tecate,11/5/2023 21:46,,12/5/2023 16:00,16/5/2023 11:49
14,Tecate,1/6/2023 04:09,1/6/2023 23:36,2/6/2023 11:40,8/6/2023 05:00
14,Tecate,23/6/2023 17:34,24/6/2023 02:11,25/6/2023 18:00,28/6/2023 19:10
14,Tecate Light,28/2/2022 02:37,28/2/2022 10:11,1/2/2022 03:15,4/3/2022 19:38
14,Tecate Light,10/3/2022 04:43,10/3/2022 14:28,11/3/2022 20:30,15/3/2022 12:00
14,Tecate Light,26/3/2022 11:54,26/3/2022 18:31,27/3/2022 20:45,1/4/2022 05:00
14,Tecate Light,17/4/2022 17:11,17/4/2022 16:27,18/4/2022 07:30,23/4/2022 00:04
14,Tecate Light,27/4/2022 21:56,28/4/2022 06:30,29/4/2022 22:30,3/5/2022 01:30
14,Tecate Light,9/6/2022 00:19,9/6/2022 09:06,10/6/2022 04:46,14/6/2022 00:39
14,Tecate Light,16/8/2022 14:11,16/8/2022 21:37,17/8/2022 12:45,21/8/2022 18:00
14,Tecate Light,27/8/2022 06:02,27/8/2022 13:28,28/8/2022 08:00,1/9/2022 14:00
14,Tecate Light,21/10/2022 18:47,22/10/2022 01:23,22/10/2022 19:30,26/10/2022 23:59
14,Tecate Light,12/11/2022 00:56,12/11/2022 07:00,13/11/2022 04:00,17/11/2022 18:00
14,Tecate Light,26/11/2022 17:20,27/11/2022 04:04,27/11/2022 20:00,2/12/2022 14:00
14,Tecate Light,7/12/2022 20:36,8/12/2022 04:26,8/12/2022 19:30,13/12/2022 05:00
14,Tecate Light,19/12/2022 15:33,19/12/2022 22:17,20/12/2022 13:00,25/12/2022 01:35
14,Tecate Light,2/1/2023 05:00,2/1/2023 14:05,3/1/2023 05:13,7/1/2023 15:00
14,Tecate Light,26/1/2023 04:01,26/1/2023 17:53,27/1/2023 05:25,1/2/2023 10:58
14,Tecate Light,22/2/2023 01:37,22/2/2023 15:28,23/2/2023 06:40,27/2/2023 00:00
14,Tecate Light,15/3/2023 22:07,16/3/2023 07:06,16/3/2023 22:20,21/3/2023 19:45
14,Tecate Light,31/3/2023 03:19,31/3/2023 09:21,1/4/2023 02:30,5/4/2023 18:00
14,Tecate Light,4/7/2023 00:42,,,
15,Amstel Utra,3/10/2022 20:28,4/10/2022 11:33,5/10/2022 23:40,9/10/2022 17:00
15,Carta Blanca,8/3/2022 22:18,9/3/2022 09:24,9/3/2022 20:00,13/3/2022 06:38
15,Carta Blanca,26/4/2022 11:29,26/4/2022 20:42,27/4/2022 12:30,1/5/2022 17:00
15,Carta Blanca,18/5/2022 17:10,19/5/2022 02:12,19/5/2022 22:30,24/5/2022 00:20
15,Carta Blanca,26/2/2023 09:34,26/2/2023 18:15,27/2/2023 09:30,3/3/2023 12:00
15,Carta Blanca,23/4/2023 00:50,,24/4/2023 01:15,28/4/2023 05:00
15,Carta Blanca,18/5/2023 12:32,18/5/2023 22:13,19/5/2023 16:10,24/5/2023 06:00
15,Carta Blanca,24/6/2023 12:11,24/6/2023 21:24,25/6/2023 20:40,30/6/2023 04:45
15,Coors Light,12/4/2022 04:29,13/4/2022 17:59,14/4/2022 09:00,17/4/2022 11:00
15,Miller,15/1/2022 01:57,15/1/2022 16:58,16/1/2022 04:00,19/1/2022 17:00
15,Miller,16/2/2023 02:12,16/2/2023 17:32,17/2/2023 10:30,22/2/2023 05:00
15,Sol,23/1/2022 23:33,24/1/2022 20:23,25/1/2022 10:34,29/1/2022 09:30
15,Sol,17/2/2022 15:19,18/2/2022 12:34,19/2/2022 00:10,22/2/2022 04:00
15,Sol,20/3/2022 19:58,21/3/2022 05:08,22/3/2022 03:20,25/3/2022 16:30
15,Sol,7/5/2022 04:48,7/5/2022 13:39,8/5/2022 01:00,11/5/2022 14:00
15,Sol,31/7/2022 13:30,31/7/2022 20:40,1/8/2022 12:00,6/8/2022 16:00
15,Sol,20/8/2022 11:01,20/8/2022 18:39,21/8/2022 12:00,26/8/2022 16:06
15,Sol,24/9/2022 03:15,24/9/2022 10:35,24/9/2022 23:30,28/9/2022 23:16
15,Sol,14/10/2022 09:21,14/10/2022 17:02,15/10/2022 09:30,21/10/2022 03:59
15,Sol,4/11/2022 13:24,5/11/2022 02:20,5/11/2022 20:00,10/11/2022 05:00
15,Sol,15/11/2022 04:36,15/11/2022 17:52,16/11/2022 14:10,20/11/2022 00:30
15,Sol,29/11/2022 04:35,30/11/2022 00:13,30/11/2022 11:40,5/12/2022 05:00
15,Tecate,7/3/2023 13:31,7/3/2023 21:53,8/3/2023 13:00,12/3/2023 06:00
15,Tecate,8/5/2023 07:37,9/5/2023 03:14,9/5/2023 15:40,13/5/2023 12:00
15,Tecate Light,4/1/2022 05:20,4/1/2022 17:48,4/1/2022 15:00,9/1/2022 03:40
15,Tecate Light,4/2/2022 23:59,4/2/2022 21:03,6/2/2022 12:00,10/2/2022 04:41
15,Tecate Light,27/2/2022 01:32,27/2/2022 11:11,28/2/2022 02:30,4/3/2022 01:05
15,Tecate Light,1/4/2022 05:15,1/4/2022 15:42,1/4/2022 07:00,5/4/2022 19:30
15,Tecate Light,28/5/2022 19:38,29/5/2022 01:03,29/5/2022 23:30,3/6/2022 18:00
15,Tecate Light,20/6/2022 22:59,21/6/2022 09:00,22/6/2022 01:00,26/6/2022 10:00
15,Tecate Light,4/7/2022 00:08,4/7/2022 06:01,4/7/2022 21:00,8/7/2022 18:35
15,Tecate Light,16/7/2022 17:23,17/7/2022 01:49,17/7/2022 22:00,21/7/2022 05:00
15,Tecate Light,10/8/2022 07:06,10/8/2022 13:52,11/8/2022 21:40,16/8/2022 03:00
15,Tecate Light,31/8/2022 11:26,31/8/2022 20:30,1/9/2022 11:30,5/9/2022 05:30
15,Tecate Light,11/9/2022 17:57,12/9/2022 04:17,12/9/2022 16:20,17/9/2022 10:00
15,Tecate Light,25/10/2022 02:57,25/10/2022 13:22,26/10/2022 04:20,29/10/2022 13:20
15,Tecate Light,10/12/2022 10:46,10/12/2022 16:57,11/12/2022 10:00,17/12/2022 04:00
15,Tecate Light,21/12/2022 02:05,22/12/2022 08:30,22/12/2022 23:00,28/12/2022 17:00
15,Tecate Light,5/1/2023 12:01,5/1/2023 23:28,6/1/2023 08:30,10/1/2023 22:30
15,Tecate Light,16/1/2023 20:22,17/1/2023 07:25,17/1/2023 23:40,23/1/2023 05:00
15,Tecate Light,29/1/2023 22:06,30/1/2023 10:23,31/1/2023 01:30,5/2/2023 00:08
15,Tecate Light,16/3/2023 06:14,16/3/2023 22:17,17/3/2023 13:00,21/3/2023 20:00
15,Tecate Light,27/3/2023 18:22,28/3/2023 05:16,28/3/2023 21:00,2/4/2023 04:50
15,Tecate Light,12/4/2023 15:17,13/4/2023 03:30,13/4/2023 19:00,19/4/2023 05:00
15,Tecate Light,29/5/2023 03:01,29/5/2023 11:45,30/5/2023 18:00,3/6/2023 23:00
15,Tecate Light,10/6/2023 09:23,10/6/2023 16:40,11/6/2023 10:00,16/6/2023 17:00
16,Carta Blanca,14/6/2022 21:35,15/6/2022 06:56,16/6/2022 03:00,20/3/2022 16:00
16,Carta Blanca,29/7/2022 17:11,30/7/2022 03:23,30/7/2022 13:30,
16,Carta Blanca,8/9/2022 05:59,8/9/2022 16:35,9/9/2022 15:00,14/9/2022 00:30
16,Carta Blanca,26/11/2022 03:55,26/11/2022 16:28,27/11/2022 03:00,30/11/2022 19:20
16,Miller,9/3/2022 20:16,10/3/2022 05:47,10/3/2022 18:00,14/3/2022 12:00
16,Miller,30/12/2022 13:40,30/12/2022 23:14,1/1/2023 03:00,4/1/2023 10:00
16,Miller,15/3/2023 00:45,15/3/2023 09:16,15/3/2023 04:26,19/3/2023 05:00
16,Sol,11/4/2022 07:21,11/4/2022 16:00,12/4/2022 10:00,16/4/2022 12:00
16,Sol,21/4/2022 10:46,21/4/2022 19:23,22/4/2022 18:00,26/4/2022 04:00
16,Sol,2/5/2022 17:25,3/5/2022 02:50,4/5/2022 01:10,7/5/2022 00:30
16,Sol,14/5/2022 23:19,15/5/2022 07:42,16/5/2022 03:00,19/5/2022 04:00
16,Sol,30/10/2022 21:21,31/10/2022 05:41,1/11/2022 03:01,5/11/2022 05:00
16,Sol,26/1/2023 19:21,27/1/2023 08:19,27/1/2023 23:20,31/1/2023 06:00
16,Sol,5/3/2023 21:05,6/3/2023 09:25,7/3/2023 03:30,10/3/2023 17:30
16,Sol,17/5/2023 23:49,18/5/2023 12:01,19/5/2023 13:00,23/5/2023 10:24
16,Sol,23/6/2023 07:53,24/6/2023 17:34,24/6/2023 15:25,27/6/2023 17:00
16,Tecate,8/2/2022 14:45,8/2/2022 22:34,9/2/2022 20:30,13/2/2022 01:00
16,Tecate,19/7/2022 12:34,20/7/2022 06:00,20/7/2022 21:00,24/7/2022 09:15
16,Tecate,19/8/2022 07:43,19/8/2022 14:51,20/8/2022 13:00,24/8/2022 17:00
16,Tecate,29/8/2022 07:38,29/8/2022 16:09,30/8/2022 07:30,3/9/2022 16:40
16,Tecate,18/9/2022 10:20,18/9/2022 17:05,19/9/2022 15:20,23/9/2022 19:00
16,Tecate,30/9/2022 02:22,30/9/2022 11:25,29/9/2022 22:00,5/10/2022 02:22
16,Tecate,21/10/2022 02:47,21/10/2022 12:26,22/10/2022 03:40,25/10/2022 16:00
16,Tecate,16/1/2023 00:01,16/1/2023 12:02,17/1/2023 04:20,21/1/2023 06:00
16,Tecate,11/2/2023 16:28,11/2/2023 23:35,12/2/2023 16:28,17/2/2023 01:00
16,Tecate,23/4/2023 09:32,,24/4/2023 16:00,29/4/2023 17:00
16,Tecate Light,7/1/2022 19:25,8/1/2022 04:45,9/1/2022 02:40,13/1/2022 02:00
16,Tecate Light,18/1/2022 19:00,19/1/2022 03:37,19/1/2022 19:00,23/1/2022 06:37
16,Tecate Light,18/2/2022 13:58,19/2/2022 03:02,19/2/2022 19:00,23/2/2022 10:00
16,Tecate Light,27/2/2022 18:33,28/2/2022 02:38,28/2/2022 19:40,4/3/2022 15:00
16,Tecate Light,19/3/2022 02:14,19/3/2022 11:45,20/3/2022 13:00,23/3/2022 18:20
16,Tecate Light,30/3/2022 19:21,31/3/2022 02:34,31/3/2022 22:00,3/4/2022 23:00
16,Tecate Light,24/5/2022 15:30,25/5/2022 02:45,25/5/2022 23:00,30/5/2022 06:24
16,Tecate Light,4/6/2022 20:03,5/6/2022 03:00,5/6/2022 19:00,8/6/2022 20:17
16,Tecate Light,26/6/2022 00:42,26/6/2022 09:43,27/6/2022 22:00,1/7/2022 08:45
16,Tecate Light,7/7/2022 14:25,7/7/2022 21:40,9/7/2022 01:45,11/7/2022 19:00
16,Tecate Light,9/8/2022 04:19,9/8/2022 13:12,10/8/2022 14:00,15/8/2022 17:49
16,Tecate Light,10/10/2022 01:56,10/10/2022 05:24,11/10/2022 03:00,15/10/2022 04:11
16,Tecate Light,11/11/2022 16:35,11/11/2022 23:53,12/11/2022 15:00,16/11/2022 12:00
16,Tecate Light,7/12/2022 13:47,7/12/2022 20:19,8/12/2022 16:30,13/12/2022 05:00
16,Tecate Light,19/12/2022 06:46,19/12/2022 14:56,20/12/2022 07:00,24/12/2022 21:11
16,Tecate Light,24/2/2023 20:00,25/2/2023 04:05,25/2/2023 20:30,3/3/2023 12:00
16,Tecate Light,28/3/2023 11:21,28/3/2023 19:40,29/3/2023 13:50,3/4/2023 05:00
16,Tecate Light,13/4/2023 04:35,13/4/2023 11:43,14/4/2023 07:00,19/4/2023 05:00
16,Tecate Light,5/5/2023 15:05,6/5/2023 01:00,6/5/2023 15:00,10/5/2023 18:30
16,Tecate Light,28/5/2023 18:26,29/5/2023 04:17,30/5/2023 00:20,3/6/2023 08:16
16,Tecate Light,10/6/2023 01:57,10/6/2023 09:03,11/6/2023 04:10,15/6/2023 17:00
17,Amstel Utra,13/10/2022 09:06,14/10/2022 03:18,14/10/2022 13:50,19/10/2022 05:00
17,Carta Blanca,8/2/2022 03:19,8/2/2022 14:08,9/2/2022 17:11,14/2/2022 14:00
17,Carta Blanca,9/9/2022 21:00,10/9/2022 06:09,11/9/2022 00:20,14/9/2022 04:00
17,Carta Blanca,2/10/2022 03:00,2/10/2022 16:16,3/10/2022 07:30,8/10/2022 04:24
17,Carta Blanca,23/10/2022 20:34,24/10/2022 04:47,25/10/2022 07:00,29/10/2022 03:17
17,Carta Blanca,10/4/2023 23:20,11/4/2023 07:44,12/4/2023 02:00,15/4/2023 22:15
17,Carta Blanca,12/6/2023 06:43,12/6/2023 15:47,13/6/2023 07:00,
17,Miller,29/8/2022 16:47,30/8/2022 02:13,31/8/2022 22:30,4/9/2022 04:20
17,Miller,27/3/2023 05:30,27/3/2023 22:19,28/3/2023 08:30,1/4/2023 06:34
17,RIZZOS,11/6/2022 12:11,9/11/2022 11:17,9/11/2022 06:30,12/11/2022 18:00
17,Sol,10/1/2022 14:54,11/1/2022 00:40,11/1/2022 14:00,15/1/2022 21:02
17,Sol,20/1/2022 23:17,21/1/2022 16:30,22/1/2022 01:00,25/1/2022 16:50
17,Sol,3/3/2022 14:25,3/3/2022 23:46,4/3/2022 15:00,8/3/2022 00:02
17,Sol,15/4/2022 00:44,15/4/2022 09:01,16/4/2022 04:00,20/4/2022 04:21
17,Sol,14/6/2022 05:46,14/6/2022 15:26,15/6/2022 06:30,19/6/2022 05:29
17,Sol,6/8/2022 12:36,7/8/2022 02:06,7/8/2022 12:00,11/8/2022 21:42
17,Sol,20/8/2022 04:19,20/8/2022 11:57,21/8/2022 10:00,25/8/2022 05:00
17,Sol,14/1/2023 01:53,14/7/2023 07:35,14/1/2023 17:00,18/1/2023 18:31
17,Sol,30/5/2023 19:42,31/5/2023 13:00,1/6/2023 14:10,6/6/2023 03:59
17,Tecate,14/3/2022 14:50,14/3/2022 11:42,15/3/2022 10:00,20/3/2022 01:00
17,Tecate,23/5/2022 05:07,23/5/2022 14:53,24/5/2022 05:05,28/5/2022 01:00
17,Tecate,3/6/2022 11:26,3/5/2022 21:26,4/6/2022 14:00,8/6/2022 11:17
17,Tecate,23/6/2022 07:07,23/6/2022 17:06,24/6/2022 08:00,28/6/2022 01:00
17,Tecate,3/7/2022 01:51,3/7/2022 11:36,4/7/2022 03:45,8/7/2022 09:55
17,Tecate,14/7/2022 21:05,15/7/2022 06:22,15/7/2022 20:00,19/7/2022 21:15
17,Tecate,20/9/2022 20:18,21/9/2022 03:03,21/9/2022 21:10,26/9/2022 05:00
17,Tecate,5/12/2022 14:44,5/12/2022 21:43,6/12/2022 06:00,11/12/2022 21:59
17,Tecate,10/2/2023 08:47,10/2/2023 15:00,11/2/2023 19:30,15/2/2023 04:00
17,Tecate,3/3/2023 18:48,4/3/2023 08:00,4/3/2023 20:00,8/3/2023 18:08
17,Tecate,14/3/2023 01:15,14/3/2023 14:01,15/3/2023 05:10,19/3/2023 18:00
17,Tecate,18/5/2023 22:03,19/5/2023 06:39,20/5/2023 00:00,24/5/2023 08:00
17,Tecate Light,23/3/2022 09:51,23/3/2022 16:30,24/3/2022 15:00,29/3/2022 00:18
17,Tecate Light,3/4/2022 04:03,3/4/2022 11:48,4/4/2022 04:57,9/4/2022 04:00
17,Tecate Light,24/4/2022 09:06,24/4/2022 07:02,25/4/2022 08:00,30/4/2022 03:21
17,Tecate Light,8/5/2022 01:51,8/5/2022 09:06,9/5/2022 04:10,12/5/2022 23:00
17,Tecate Light,24/7/2022 19:26,25/7/2022 02:14,25/7/2022 21:20,30/7/2022 17:00
17,Tecate Light,23/11/2022 13:33,24/11/2022 02:53,24/11/2022 14:00,28/11/2022 17:00
17,Tecate Light,17/12/2022 13:56,17/12/2022 21:51,18/12/2022 16:30,22/12/2022 05:00
17,Tecate Light,28/12/2022 22:05,29/12/2022 07:52,30/12/2022 04:00,3/1/2023 20:30
17,Tecate Light,25/1/2023 14:31,26/1/2023 02:43,26/1/2023 14:40,31/1/2023 06:00
17,Tecate Light,19/2/2023 18:03,20/2/2023 05:55,21/2/2023 04:50,26/2/2023 00:00
17,Tecate Light,21/4/2023 21:25,22/4/2023 04:40,23/4/2023 05:09,27/4/2023 17:00
17,Tecate Light,4/5/2023 14:43,5/5/2023 04:33,6/5/2023 06:00,10/5/2023 18:10
17,TKT R,24/6/2023 03:38,24/6/2023 12:20,25/6/2023 07:30,27/6/2023 22:00
18,Amstel Utra,18/3/2022 05:02,18/3/2022 15:35,19/3/2022 05:00,22/3/2022 20:11
18,Amstel Utra,4/3/2023 17:30,5/3/2023 02:16,5/3/2023 17:30,10/3/2023 05:00
18,Carta Blanca,25/2/2022 02:32,25/2/2022 11:52,25/2/2022 22:00,
18,Carta Blanca,30/5/2022 18:10,31/5/2022 04:16,31/5/2022 16:00,6/6/2022 18:00
18,Carta Blanca,2/7/2022 17:19,3/7/2022 03:05,3/7/2022 21:15,8/7/2022 07:00
18,Carta Blanca,28/9/2022 10:10,28/9/2022 18:26,29/9/2022 09:30,4/10/2022 05:00
18,Carta Blanca,19/10/2022 22:51,20/10/2022 09:17,21/10/2022 00:30,25/10/2022 16:00
18,Carta Blanca,22/1/2023 20:27,23/1/2023 10:00,24/1/2023 01:00,28/1/2023 17:09
18,Carta Blanca,29/3/2023 07:07,29/3/2023 12:33,30/3/2023 09:20,3/4/2023 10:31
18,Miller,3/2/2022 08:56,3/2/2022 09:00,4/2/2022 09:00,10/2/2022 01:26
18,Miller,2/2/2023 00:40,2/2/2023 09:01,2/2/2023 21:57,9/2/2023 06:00
18,Sol,7/4/2022 02:39,7/4/2022 17:57,8/4/2022 06:00,4/12/2022 01:30
18,Sol,28/4/2022 23:44,29/4/2022 11:20,30/4/2022 02:20,4/5/2022 12:00
18,Sol,24/7/2022 09:23,24/7/2022 18:06,25/7/2022 14:20,30/7/2022 17:00
18,Sol,24/11/2022 17:22,25/11/2022 06:25,25/11/2022 21:30,29/11/2022 19:16
18,Sol,17/3/2023 17:11,18/3/2023 09:06,19/3/2023 00:00,22/3/2022 15:45
18,Sol,11/6/2023 07:21,11/6/2023 15:01,12/6/2023 07:50,17/6/2023 03:00
18,Tecate,22/1/2022 00:58,22/1/2022 09:07,22/1/2022 06:00,27/1/2022 13:00
18,Tecate,14/2/2022 00:58,14/2/2022 15:29,15/2/2022 09:30,20/2/2022 01:00
18,Tecate,7/3/2022 03:47,7/3/2022 10:32,9/3/2022 08:00,11/3/2022 15:00
18,Tecate,5/8/2022 06:32,5/8/2022 23:29,6/8/2022 06:30,11/8/2022 03:33
18,Tecate,25/8/2022 08:21,25/8/2022 16:13,26/8/2022 07:30,30/8/2022 17:00
18,Tecate,17/9/2022 00:39,17/9/2022 08:20,18/9/2022 00:45,22/9/2022 03:53
18,Tecate,30/12/2022 01:05,30/12/2022 14:41,31/12/2022 00:00,4/1/2023 10:00
18,Tecate,23/2/2023 14:11,24/2/2023 10:01,25/2/2023 01:00,28/2/2023 23:30
18,Tecate,23/4/2023 20:21,24/4/2023 05:37,25/4/2023 00:40,
18,Tecate Light,6/1/2022 04:36,6/1/2022 13:40,7/1/2022 09:00,11/1/2022 10:00
18,Tecate Light,26/3/2022 18:24,27/3/2022 03:24,27/3/2022 23:40,1/4/2022 05:00
18,Tecate Light,17/4/2022 17:30,18/4/2022 00:20,18/4/2022 19:20,24/4/2022 01:00
18,Tecate Light,8/5/2022 19:47,9/5/2022 03:02,9/5/2022 20:00,14/5/2022 09:43
18,Tecate Light,20/5/2022 08:19,20/5/2022 19:18,21/5/2022 10:00,24/5/2022 18:49
18,Tecate Light,10/6/2022 22:03,6/11/2022 07:01,11/6/2022 22:00,15/6/2022 17:00
18,Tecate Light,21/6/2022 08:19,21/6/2022 21:27,22/6/2022 01:00,26/6/2022 10:00
18,Tecate Light,13/7/2022 07:48,13/7/2022 16:00,14/7/2022 07:00,18/7/2022 19:30
18,Tecate Light,16/8/2022 01:50,16/8/2022 09:34,17/8/2022 03:40,20/8/2022 21:11
18,Tecate Light,4/9/2022 17:11,4/9/2022 23:40,5/9/2022 14:50,9/9/2022 23:00
18,Tecate Light,9/10/2022 19:00,10/10/2022 02:24,10/10/2022 19:00,15/10/2022 14:00
18,Tecate Light,30/10/2022 14:37,31/10/2022 00:34,31/10/2022 18:05,5/11/2022 05:00
18,Tecate Light,11/11/2022 08:34,11/11/2022 16:44,12/11/2022 09:00,16/11/2022 08:00
18,Tecate Light,6/12/2022 19:05,7/12/2022 04:27,7/12/2022 19:30,11/12/2022 01:15
18,Tecate Light,18/12/2022 23:48,19/12/2022 08:12,20/12/2022 01:00,
18,Tecate Light,8/1/2023 21:45,9/1/2023 05:42,10/1/2023 00:00,15/1/2023 06:00
18,Tecate Light,13/2/2023 07:45,14/2/2023 01:34,14/2/2023 20:00,19/2/2023 05:00
18,Tecate Light,13/4/2023 11:08,13/4/2023 18:21,14/4/2023 14:00,19/4/2023 05:00
18,Tecate Light,15/4/2023 09:06,16/4/2023 02:29,16/4/2023 23:00,20/4/2023 17:00
18,Tecate Light,6/5/2023 00:13,6/5/2023 12:14,7/5/2023 02:00,10/5/2023 20:40
18,Tecate Light,17/5/2023 06:31,17/5/2023 22:20,18/5/2023 13:25,23/5/2023 23:00
18,Tecate Light,30/5/2023 05:18,30/5/2023 18:01,31/5/2023 09:00,5/6/2023 04:00
18,Tecate Light,22/6/2023 22:11,23/6/2023 06:50,23/6/2023 06:00,26/6/2023 17:25
18,Tecate Light,4/7/2023 13:23,5/7/2023 01:33,,
19,Amstel Utra,24/8/2022 21:50,25/8/2022 07:41,25/8/2022 22:40,29/8/2022 17:00
19,Amstel Utra,27/3/2023 23:09,28/3/2023 15:15,29/3/2023 07:15,2/4/2023 01:10
19,Carta Blanca,10/1/2022 23:38,11/1/2022 12:58,12/1/2022 08:00,16/1/2022 18:27
19,Carta Blanca,21/1/2022 14:18,21/1/2022 23:51,22/1/2022 18:00,27/1/2022 13:00
19,Carta Blanca,11/4/2022 15:31,12/4/2022 02:40,12/4/2022 16:00,16/4/2022 12:00
19,Carta Blanca,15/6/2022 07:34,15/6/2022 17:05,16/6/2022 08:00,20/3/2022 16:00
19,Carta Blanca,22/7/2022 13:42,22/7/2022 23:05,23/7/2022 08:00,28/7/2022 00:03
19,Carta Blanca,4/8/2022 15:30,5/8/2022 05:37,4/8/2022 18:00,10/8/2022 04:00
19,Carta Blanca,3/3/2023 02:12,3/3/2023 17:10,4/3/2023 03:30,7/3/2023 20:00
19,Carta Blanca,15/5/2023 05:52,15/5/2023 15:16,16/5/2023 11:20,21/5/2023 05:00
19,Carta Blanca,28/6/2023 06:35,28/6/2023 20:44,29/6/2023 18:00,3/7/2023 21:40
19,Coors Light,27/6/2022 06:41,28/6/2022 15:37,28/6/2022 16:00,2/7/2022 09:35
19,Coors Light,13/3/2023 10:49,14/3/2023 23:21,15/3/2023 11:40,19/3/2023 18:00
19,Miller,19/10/2022 16:11,20/10/2022 01:36,20/10/2022 13:00,25/10/2022 16:00
19,Sol,12/2/2022 22:18,13/2/2022 08:13,13/2/2022 19:30,16/2/2022 23:23
19,Sol,20/3/2022 08:02,20/3/2022 20:56,21/3/2022 12:45,25/3/2022 01:00
19,Sol,9/7/2022 23:50,10/7/2022 09:58,11/7/2022 10:00,14/7/2022 02:00
19,Sol,18/12/2022 11:02,19/12/2022 01:15,19/12/2022 19:16,23/12/2022 04:00
19,Sol,29/12/2022 18:10,30/12/2022 02:11,30/12/2022 19:00,3/1/2023 19:10
19,Sol,9/1/2023 07:00,9/1/2023 14:10,10/1/2023 05:25,16/1/2023 06:00
19,Sol,22/1/2023 10:03,22/1/2023 18:37,23/1/2023 10:00,28/1/2023 16:07
19,Sol,11/4/2023 06:57,11/4/2023 15:54,12/4/2023 09:00,16/4/2023 19:40
19,Sol,3/5/2023 16:11,4/5/2023 00:53,4/5/2023 22:00,8/5/2023 17:27
19,Sol,25/5/2023 16:50,26/5/2023 11:08,27/5/2023 05:00,1/6/2023 05:00
19,Tecate,2/2/2022 13:10,2/2/2022 23:04,3/2/2022 14:00,7/2/2022 01:00
19,Tecate,7/3/2022 18:14,8/3/2022 02:27,9/3/2022 12:30,12/3/2022 12:30
19,Tecate Light,26/2/2022 02:56,26/2/2022 09:25,27/2/2022 02:30,3/3/2022 06:30
19,Tecate Light,31/3/2022 11:53,1/4/2022 07:27,1/4/2022 22:30,5/4/2022 03:00
19,Tecate Light,21/4/2022 03:41,21/4/2022 11:03,22/4/2022 02:20,25/4/2022 23:00
19,Tecate Light,2/5/2022 09:59,2/5/2022 16:17,3/5/2022 07:00,8/5/2022 17:00
19,Tecate Light,13/5/2022 11:19,14/5/2022 18:18,15/5/2022 14:00,19/5/2021 12:00
19,Tecate Light,25/5/2022 04:29,25/5/2022 12:29,26/5/2022 07:30,29/5/2022 16:40
19,Tecate Light,15/8/2022 13:45,16/8/2022 00:52,16/8/2022 16:00,19/8/2022 20:10
19,Tecate Light,3/9/2022 14:59,3/9/2022 23:41,4/9/2022 15:00,9/9/2022 04:00
19,Tecate Light,10/9/2022 11:54,9/10/2022 20:07,9/10/2022 20:01,14/10/2022 18:22
19,Tecate Light,16/9/2022 05:57,16/8/2022 14:04,17/9/2022 10:00,21/9/2022 18:30
19,Tecate Light,27/9/2022 03:33,27/9/2022 14:35,28/9/2022 07:00,2/10/2022 14:00
19,Tecate Light,30/10/2022 06:24,30/10/2022 15:35,31/10/2022 09:40,5/11/2022 05:00
19,Tecate Light,10/11/2022 19:05,11/11/2022 09:06,12/11/2022 00:10,15/11/2022 02:44
19,Tecate Light,24/11/2022 03:51,24/11/2022 15:39,25/11/2022 04:50,29/11/2022 19:00
19,Tecate Light,6/12/2022 05:32,6/12/2022 18:06,7/12/2022 11:50,11/12/2022 03:00
19,Tecate Light,4/2/2023 15:20,5/2/2023 02:03,5/2/2023 20:00,9/2/2023 06:00
19,Tecate Light,19/2/2023 11:52,19/2/2023 19:21,20/2/2023 10:40,25/2/2023 05:00
19,Tecate Light,15/4/2023 09:06,16/4/2023 02:29,16/4/2023 23:00,20/4/2023 17:00
19,Tecate Light,20/4/2023 19:49,21/4/2023 14:26,22/4/2023 11:00,25/4/2023 11:30
19,Tecate Light,5/6/2023 00:03,5/6/2023 08:47,6/6/2023 00:00,10/6/2023 17:38
19,Tecate Light,17/6/2023 13:10,17/6/2023 18:29,18/6/2023 11:00,23/6/2023 07:00
20,Amstel Utra,15/10/2022 17:05,16/10/2022 02:09,16/10/2022 15:00,20/10/2022 11:57
20,Carta Blanca,9/2/2022 05:41,9/2/2022 21:12,10/2/2022 15:00,14/2/2022 14:00
20,Carta Blanca,2/9/2022 10:42,2/9/2022 18:01,3/9/2022 11:00,8/9/2022 01:00
20,Carta Blanca,12/9/2022 00:50,12/9/2022 10:31,13/9/2022 02:40,17/9/2022 10:00
20,Carta Blanca,9/1/2023 16:34,10/1/2023 01:34,10/1/2023 15:30,16/1/2023 17:00
20,Carta Blanca,11/3/2023 04:34,11/3/2023 11:35,12/3/2023 07:00,15/3/2023 21:00
20,Carta Blanca,22/3/2023 07:11,22/3/2023 19:38,23/3/2023 10:30,27/3/2023 05:00
20,Carta Blanca,18/4/2023 09:31,19/4/2023 00:08,20/4/2023 00:00,23/4/2023 05:20
20,Carta Blanca,2/5/2023 06:25,2/5/2023 14:19,3/5/2023 04:30,8/5/2023 05:00
20,Carta Blanca,26/5/2023 21:09,27/5/2023 05:39,28/5/2023 12:40,1/6/2023 23:00
20,Miller,28/6/2022 19:03,26/6/2022 08:25,29/6/2022 23:20,4/7/2022 04:45
20,Miller,30/7/2022 22:33,31/7/2022 05:58,1/8/2022 01:00,5/8/2022 00:00
20,Sol,17/1/2022 04:56,17/1/2022 14:29,18/1/2021 13:00,22/1/2022 07:00
20,Sol,18/5/2022 07:05,18/5/2022 15:37,19/5/2021 10:00,22/5/2022 16:50
20,Sol,9/7/2022 15:28,9/7/2022 23:31,10/7/2022 15:00,14/7/2022 02:00
20,Sol,12/8/2022 19:28,13/8/2022 03:53,13/8/2022 16:00,17/8/2022 14:00
20,Sol,24/9/2022 10:16,24/9/2022 17:22,25/9/2022 06:00,29/9/2022 21:08
20,Sol,2/12/2022 13:43,2/12/2022 20:38,4/12/2022 01:00,9/12/2022 08:48
20,Sol,22/1/2023 02:24,2/1/2023 11:12,23/1/2023 07:00,27/1/2023 15:32
20,Sol,2/3/2023 11:17,2/3/2023 23:00,3/3/2023 10:00,7/3/2023 12:00
20,Sol,1/4/2023 09:49,1/4/2023 17:52,2/4/2023 09:00,6/4/2023 12:00
20,Tecate,2/4/2022 08:24,2/4/2022 18:38,3/4/2022 13:50,7/4/2022 01:42
20,Tecate,19/6/2022 19:57,19/6/2022 05:51,19/6/2022 17:00,24/6/2022 18:00
20,Tecate,28/10/2022 09:04,28/10/2022 15:09,29/10/2022 11:20,3/11/2022 05:00
20,Tecate,14/12/2022 04:46,14/12/2022 06:03,15/12/2022 04:00,18/12/2022 19:00
20,Tecate,7/6/2023 18:56,8/6/2023 03:54,8/6/2023 22:00,12/6/2023 21:40
20,Tecate Light,5/1/2022 17:39,6/1/2022 03:44,7/1/2022 11:00,10/1/2022 05:38
20,Tecate Light,20/2/2022 11:48,21/2/2022 00:33,20/2/2022 05:00,26/2/2022 14:00
20,Tecate Light,1/3/2022 01:43,1/3/2022 09:52,2/3/2022 07:00,6/3/2022 02:50
20,Tecate Light,11/3/2022 07:17,11/3/2022 17:21,12/3/2022 13:30,16/3/2022 16:00
20,Tecate Light,22/3/2022 08:29,22/3/2022 23:44,23/3/2022 14:40,27/3/2022 20:39
20,Tecate Light,13/4/2022 22:41,14/4/2022 10:52,15/4/2022 02:00,19/4/2022 18:52
20,Tecate Light,24/4/2022 01:30,24/4/2022 07:58,25/4/2022 06:30,
20,Tecate Light,5/5/2022 23:00,6/5/2022 10:20,6/5/2022 04:20,10/5/2022 16:30
20,Tecate Light,28/5/2022 12:03,28/5/2022 18:37,29/5/2022 15:50,3/6/2022 05:00
20,Tecate Light,8/6/2022 17:01,8/6/2022 23:49,9/6/2022 18:35,13/6/2022 21:32
20,Tecate Light,20/7/2022 22:28,21/7/2022 07:14,22/7/2022 01:00,25/7/2022 19:01
20,Tecate Light,22/8/2022 15:23,24/8/2022 04:07,24/8/2022 22:00,29/8/2022 01:00
20,Tecate Light,5/10/2022 11:57,5/10/2022 19:37,6/10/2022 10:20,10/10/2022 18:00
20,Tecate Light,7/11/2022 12:22,7/11/2022 18:39,8/11/2022 14:40,13/11/2022 05:40
20,Tecate Light,18/11/2022 16:44,19/11/2022 04:32,20/11/2022 02:40,24/11/2022 17:00
20,Tecate Light,26/12/2022 19:57,27/12/2022 02:05,27/12/2022 17:00,31/12/2022 16:30
20,Tecate Light,4/2/2023 02:10,4/2/2023 14:12,5/2/2023 08:20,9/2/2023 06:00
20,Tecate Light,19/2/2023 05:23,19/2/2023 12:26,20/2/2023 11:30,25/2/2023 05:00
20,Tecate Light,15/4/2023 09:06,16/4/2023 02:29,16/4/2023 23:00,20/4/2023 17:00
20,Tecate Light,14/5/2023 02:24,14/5/2023 09:13,15/5/2023 03:00,19/5/2023 12:12
20,Tecate Light,21/6/2023 08:19,21/6/2023 14:30,22/6/2023 06:00,26/6/2023 19:17
20,Tecate Light,2/7/2023 14:25,2/7/2023 20:53,3/7/2023 21:15,
21,Carta Blanca,16/2/2022 01:49,16/2/2022 17:01,17/2/2022 04:50,22/2/2022 04:00
21,Carta Blanca,3/5/2022 05:34,3/5/2022 19:08,4/5/2022 10:00,8/5/2022 19:33
21,Carta Blanca,19/9/2022 18:02,20/9/2022 03:35,20/9/2022 20:00,26/9/2022 05:00
21,Carta Blanca,16/1/2023 13:32,16/1/2023 20:54,17/1/2023 15:15,23/1/2023 05:00
21,Carta Blanca,11/5/2023 01:03,11/5/2023 11:06,11/5/2023 19:00,
21,Carta Blanca,4/6/2023 06:17,4/6/2023 14:56,5/6/2023 09:00,9/6/2023 15:57
21,Carta Blanca,16/6/2023 10:12,16/6/2023 19:03,17/6/2023 08:00,21/6/2023 18:00
21,Coors Light,2/4/2023 03:28,3/4/2023 08:54,3/4/2023 09:50,6/4/2023 12:00
21,Sol,25/2/2022 14:21,26/2/2022 02:01,26/2/2022 12:00,3/3/2022 05:00
21,Sol,6/6/2022 10:05,6/6/2022 20:01,7/6/2022 17:00,11/6/2022 03:00
21,Sol,18/6/2022 11:11,18/6/2022 19:25,19/6/2022 06:40,24/6/2022 18:00
21,Sol,4/8/2022 00:20,4/8/2022 18:13,5/8/2022 05:00,9/8/2022 16:40
21,Sol,7/9/2022 13:58,7/9/2022 21:59,8/9/2022 09:00,13/9/2022 00:17
21,Sol,23/10/2022 03:33,23/10/2022 12:31,24/10/2022 02:00,28/10/2022 11:50
21,Sol,10/3/2023 12:34,10/3/2023 19:40,11/3/2023 10:40,14/3/2023 20:00
21,Sol,20/3/2023 08:01,20/3/2023 20:31,21/3/2023 07:00,25/3/2023 01:51
21,Sol,26/6/2023 19:17,27/6/2023 04:49,28/6/2023 03:00,
21,Tecate,3/2/2022 00:10,3/2/2022 08:21,4/2/2022 02:00,10/2/2022 01:26
21,Tecate,7/3/2022 10:38,7/3/2022 18:25,9/3/2022 08:00,12/3/2022 06:56
21,Tecate,21/4/2022 19:59,22/4/2022 03:12,22/4/2022 15:30,26/4/2022 04:00
21,Tecate,15/5/2022 08:41,15/5/2022 19:07,16/5/2022 10:00,20/5/2022 03:59
21,Tecate,29/6/2022 15:51,30/6/2022 00:43,30/6/2022 12:53,5/7/2022 10:00
21,Tecate,11/10/2022 15:02,11/10/2022 21:56,12/10/2022 14:00,16/10/2022 17:00
21,Tecate,4/1/2023 21:43,5/1/2023 11:00,5/1/2023 20:00,10/1/2023 22:20
21,Tecate Light,9/1/2022 03:37,9/1/2022 12:37,10/1/2022 07:00,14/1/2022 18:00
21,Tecate Light,20/1/2022 07:54,20/1/2022 20:52,21/1/2022 13:00,25/1/2022 14:12
21,Tecate Light,19/3/2022 21:24,20/3/2022 12:05,20/3/2022 11:45,24/3/2022 15:00
21,Tecate Light,31/3/2022 01:39,31/3/2022 10:19,31/3/2022 02:00,4/4/2022 16:53
21,Tecate Light,10/4/2022 21:04,11/4/2022 06:03,11/4/2022 20:45,15/4/2022 12:00
21,Tecate Light,26/5/2022 01:17,26/5/2022 20:51,27/5/2022 12:00,31/5/2022 02:10
21,Tecate Light,9/7/2022 01:58,9/7/2022 14:23,10/7/2022 05:09,14/7/2022 02:00
21,Tecate Light,16/8/2022 23:20,17/8/2022 06:19,18/8/2022 12:45,21/8/2022 18:00
21,Tecate Light,27/8/2022 13:31,27/8/2022 19:53,28/8/2022 11:00,1/9/2022 19:00
21,Tecate Light,1/10/2022 02:13,1/10/2022 09:20,2/10/2022 01:00,6/10/2022 10:07
21,Tecate Light,2/11/2022 19:37,3/11/2022 06:53,3/11/2022 20:00,8/11/2022 17:04
21,Tecate Light,13/11/2022 14:17,13/11/2022 23:22,15/11/2022 01:00,20/11/2022 03:59
21,Tecate Light,28/11/2022 11:31,28/11/2022 17:41,29/11/2022 08:40,4/12/2022 01:00
21,Tecate Light,10/12/2022 03:32,10/12/2022 10:03,11/12/2022 01:30,16/12/2022 04:09
21,Tecate Light,21/12/2022 19:25,22/12/2022 01:43,22/12/2022 21:00,28/12/2022 17:00
21,Tecate Light,29/1/2023 11:00,29/1/2023 21:06,30/1/2023 10:00,3/2/2023 03:08
21,Tecate Light,17/2/2023 09:27,17/2/2023 21:02,18/2/2023 11:00,23/2/2023 05:00
21,Tecate Light,27/2/2023 03:39,27/2/2023 10:54,28/2/2023 03:00,4/3/2023 18:00
21,Tecate Light,15/4/2023 09:06,16/4/2023 02:29,16/4/2023 23:00,20/4/2023 17:00
21,Tecate Light,23/5/2023 03:29,23/5/2023 09:41,24/5/2023 02:00,28/5/2023 15:05
21,TTKL,24/4/2023 11:50,24/4/2023 18:10,25/4/2023 09:00,29/4/2023 21:30
22,Amstel Utra,27/5/2022 16:25,28/5/2022 01:46,28/5/2022 18:00,1/6/2022 03:00
22,Carta Blanca,15/2/2022 07:36,16/2/2022 00:05,17/2/2022 04:50,20/2/2022 23:00
22,Carta Blanca,6/6/2022 19:14,7/6/2022 04:52,8/6/2022 03:00,12/6/2022 04:00
22,Carta Blanca,13/8/2022 04:57,13/8/2022 13:01,14/8/2022 07:00,17/8/2022 03:37
22,Carta Blanca,7/10/2022 19:56,8/10/2022 04:46,8/10/2022 21:00,12/10/2022 00:30
22,Carta Blanca,29/10/2022 05:42,29/10/2022 13:25,30/10/2022 07:40,3/1/2022 17:45
22,Carta Blanca,13/12/2022 20:43,14/12/2022 03:42,14/12/2022 21:00,19/12/2022 17:00
22,Carta Blanca,7/1/2023 01:45,2/7/2023 02:10,2/7/2023 05:00,
22,Carta Blanca,17/2/2023 18:00,18/2/2023 07:37,18/2/2023 20:00,23/2/2023 05:00
22,Coors Light,26/2/2022 09:50,27/2/2022 02:34,27/2/2022 07:00,3/3/2022 05:00
22,Coors Light,10/5/2023 19:58,12/5/2023 11:06,12/5/2023 15:00,
22,Sol,3/1/2022 04:43,3/1/2022 15:16,4/1/2022 15:25,7/1/2022 13:56
22,Sol,14/1/2022 00:43,14/1/2022 13:21,15/1/2022 07:30,18/1/2022 17:00
22,Sol,23/1/2022 09:24,23/1/2022 21:13,24/1/2022 21:20,29/1/2022 09:30
22,Sol,3/2/2022 10:25,4/2/2022 08:37,5/2/2022 08:00,9/2/2022 03:25
22,Sol,6/3/2022 15:05,6/3/2022 23:30,9/3/2022 08:00,11/3/2022 07:30
22,Sol,25/4/2022 10:31,25/4/2022 17:30,26/4/2022 23:00,1/5/2022 02:07
22,Sol,6/5/2022 07:17,6/5/2022 18:31,7/5/2022 12:00,11/5/2022 04:00
22,Sol,1/9/2022 13:15,9/1/2022 19:03,2/9/2022 16:00,6/9/2022 16:00
22,Sol,19/11/2022 13:10,19/11/2022 21:30,20/11/2022 20:00,24/11/2022 17:00
22,Sol,18/1/2023 15:53,19/1/2023 09:28,20/1/2023 01:11,24/1/2023 09:39
22,Sol,6/6/2023 23:36,7/6/2023 02:00,8/6/2023 15:00,12/6/2023 04:26
22,Tecate,17/3/2022 13:25,22/3/2022 05:31,,
22,Tecate,27/6/2022 15:11,27/6/2022 23:37,28/6/2022 10:00,2/7/2022 09:35
22,Tecate,8/11/2022 10:19,8/11/2022 08:12,9/11/2022 11:50,13/11/2022 23:29
22,Tecate,11/3/2023 20:52,12/3/2023 04:50,13/3/2023 01:00,16/3/2023 04:36
22,Tecate,26/4/2023 04:49,26/4/2023 16:24,26/4/2023 07:00,1/5/2023 06:00
22,Tecate Light,3/4/2022 10:35,3/4/2022 19:47,4/4/2022 14:00,9/4/2022 04:00
22,Tecate Light,15/4/2022 17:06,16/4/2022 00:51,16/4/2022 19:00,21/4/2022 05:15
22,Tecate Light,17/5/2022 02:10,17/5/2022 09:18,17/5/2022 00:30,22/5/2022 15:22
22,Tecate Light,17/6/2022 06:21,17/6/2022 14:26,18/6/2022 05:30,22/6/2022 05:00
22,Tecate Light,8/7/2022 07:07,8/7/2022 14:34,9/7/2022 08:40,13/7/2022 17:40
22,Tecate Light,21/7/2022 07:35,21/7/2022 16:47,22/7/2022 08:00,26/7/2022 05:10
22,Tecate Light,31/7/2022 06:21,31/7/2022 12:50,1/8/2022 08:00,5/5/2022 11:00
22,Tecate Light,22/8/2022 21:07,23/8/2022 03:28,23/8/2022 23:00,27/8/2022 23:53
22,Tecate Light,14/9/2022 00:34,14/9/2022 06:20,14/9/2022 23:00,20/9/2022 01:15
22,Tecate Light,26/9/2022 03:49,26/9/2022 10:33,27/9/2022 08:50,2/10/2022 05:00
22,Tecate Light,18/10/2022 01:16,18/10/2022 12:04,19/10/2022 06:10,23/10/2022 09:14
22,Tecate Light,2/12/2022 05:40,2/12/2022 13:47,3/12/2022 00:00,
22,Tecate Light,23/12/2022 03:12,23/12/2022 11:53,26/12/2022 12:30,28/12/2022 17:00
22,Tecate Light,7/1/2023 05:33,7/1/2023 13:30,8/1/2023 11:50,12/1/2023 01:35
22,Tecate Light,31/1/2023 23:50,1/2/2023 10:16,2/2/2023 16:00,9/2/2023 06:00
22,Tecate Light,27/2/2023 11:57,27/2/2023 19:56,28/2/2023 17:00,4/3/2023 23:00
22,Tecate Light,24/3/2023 06:41,24/3/2023 18:05,25/3/2023 14:00,29/3/2023 07:00
22,Tecate Light,24/5/2023 02:07,24/5/2023 18:39,25/5/2023 14:30,29/5/2023 22:22
22,Tecate Light,18/6/2023 22:03,19/6/2023 06:44,20/6/2023 07:00,25/6/2023 05:00
23,Amstel Utra,11/1/2022 20:29,11/1/2022 23:48,13/1/2022 05:00,16/1/2022 11:30
23,Amstel Utra,22/4/2022 16:17,22/4/2022 19:48,24/4/2022 01:00,27/4/2022 09:04
23,Amstel Utra,4/5/2022 13:15,4/5/2022 16:35,5/5/2022 12:40,8/5/2022 19:37
23,Amstel Utra,15/5/2022 17:35,15/5/2022 20:56,16/5/2022 11:00,18/5/2021 20:00
23,Amstel Utra,20/12/2022 20:44,21/12/2022 01:45,21/12/2022 20:00,24/12/2022 01:30
23,Bohemia,9/4/2022 20:36,9/4/2022 23:27,11/4/2022 15:00,14/4/2022 00:26
23,Bohemia,2/10/2022 16:18,2/10/2022 07:03,3/10/2022 16:00,6/10/2022 09:46
23,Coors Light,12/9/2022 11:02,13/9/2022 11:43,14/9/2022 03:00,17/9/2022 10:00
23,Coors Light,9/1/2023 14:40,10/1/2023 17:19,13/1/2023 08:00,15/1/2023 17:00
23,Tecate Light,23/1/2023 13:19,23/1/2023 14:06,,28/1/2023 17:09
23,Tecate Light,6/5/2023 18:45,6/5/2023 20:20,5/5/2023 07:30,10/5/2023 19:15
24,Amstel Utra,23/6/2022 17:58,23/6/2022 19:57,17/5/1927 00:00,25/9/1902 00:00
24,Amstel Utra,12/11/2022 18:30,12/11/2022 21:57,14/11/2022 10:30,19/11/2022 18:00
24,Amstel Utra,6/12/2022 03:08,12/6/2022 06:37,12/6/2022 15:40,15/6/2022 17:00
24,Amstel Utra,23/1/2023 15:47,23/1/2023 18:55,26/1/2023 03:00,28/1/2023 17:09
24,Amstel Utra,6/6/2023 00:46,6/6/2023 04:05,7/6/2023 00:30,10/6/2023 18:20
24,Bohemia,8/3/2022 15:05,8/3/2022 18:20,9/3/2022 14:50,12/3/2022 22:00
24,Carta Blanca,12/1/2022 01:40,,,
24,Coors Light,1/4/2022 19:34,2/4/2022 21:43,,5/4/2022 19:32
24,Coors Light,12/4/2022 05:34,13/4/2022 06:09,,
24,Coors Light,9/1/2023 15:53,10/1/2023 19:40,13/1/2023 08:00,15/1/2023 17:00
24,Coors Light,13/3/2023 16:32,15/3/2023 00:18,15/3/2023 19:30,19/3/2023 18:00
24,Coors Light,27/6/2023 10:49,28/6/2023 13:50,30/6/2023 02:19,1/7/2023 17:49
24,Tecate Light,8/5/2023 13:15,8/5/2023 14:17,,
25,Amstel Utra,25/3/2022 13:29,25/3/2022 16:33,,
25,Amstel Utra,15/7/2022 07:36,15/7/2022 10:54,,19/7/2022 21:15
25,Amstel Utra,16/1/2023 10:19,16/1/2023 13:34,,20/1/2023 06:00
25,Amstel Utra,28/1/2023 14:52,28/1/2023 16:01,29/1/2023 04:00,3/2/2023 14:43
25,Amstel Utra,12/3/2023 12:00,12/3/2023 15:03,14/3/2023 09:00,18/3/2023 04:35
25,Amstel Utra,19/5/2023 14:36,19/5/2023 17:00,,24/5/2023 06:00
25,Amstel Utra,12/6/2023 15:47,12/6/2023 20:13,13/6/2023 18:30,16/6/2023 17:00
25,Bohemia,11/1/2022 14:33,11/1/2022 17:36,12/1/2022 21:00,15/1/2022 15:45
25,Bohemia,7/2/2022 10:30,7/2/2022 13:55,11/2/2022 01:40,
25,Bohemia,1/5/2022 07:02,1/5/2022 09:58,3/5/2022 23:00,4/5/2022 18:00
25,Bohemia,3/6/2022 21:41,4/6/2022 00:37,,6/6/2022 18:00
25,Bohemia,27/6/2022 09:08,27/6/2022 12:29,29/6/2022 17:00,1/7/2022 23:00
25,Bohemia,25/7/2022 23:45,26/7/2022 02:45,28/7/2022 01:00,30/7/2022 17:00
25,Bohemia,28/8/2022 11:27,28/8/2022 14:38,,1/9/2022 14:00
25,Coors Light,23/10/2022 15:32,24/10/2022 23:09,25/10/2022 07:00,28/10/2022 16:05
25,Miller,10/4/2022 04:13,10/4/2022 05:53,,13/4/2022 14:28
25,Sol,15/2/2023 09:14,15/2/2023 10:30,18/2/2023 02:00,20/2/2023 18:30
25,Tecate Light,18/12/2022 10:38,18/12/2022 14:36,20/12/2022 08:00,23/12/2022 04:00
26,Amstel Utra,13/3/2022 07:39,13/3/2022 10:35,14/3/2022 10:00,18/3/2022 05:00
26,Amstel Utra,25/3/2022 10:24,25/3/2022 14:37,,
26,Amstel Utra,1/5/2022 06:13,1/5/2022 10:30,2/5/2022 23:00,4/5/2022 18:00
26,Amstel Utra,4/3/2023 15:29,4/3/2023 16:36,,
26,Amstel Utra,30/3/2023 01:53,30/3/2023 05:36,31/3/2023 21:30,4/4/2023 10:40
26,Coors Light,7/1/2022 08:58,8/1/2022 12:12,8/1/2022 13:00,13/1/2022 02:00
26,Coors Light,23/10/2022 17:44,25/10/2022 02:19,25/10/2022 07:00,28/10/2022 16:10
26,Coors Light,20/1/2023 05:54,21/1/2023 06:10,21/1/2023 17:40,25/1/2023 06:00
26,Miller,10/4/2022 04:13,10/4/2022 05:33,,13/4/2022 14:28
26,Sol,8/5/2023 00:13,10/5/2023 21:08,5/5/2023 07:30,14/5/2023 02:12
26,Tecate Light,1/6/2022 04:20,1/6/2022 05:38,,6/6/2022 18:00
26,Tecate Light,21/2/2023 13:18,21/2/2023 17:07,22/2/2023 20:00,26/2/2023 10:54
27,Carta Blanca,10/8/2022 23:37,11/8/2022 08:04,12/8/2022 08:00,16/8/2022 03:21
27,Carta Blanca,27/12/2022 22:05,28/12/2022 08:56,28/12/2022 22:00,1/1/2023 16:00
27,Carta Blanca,2/2/2023 10:10,3/2/2023 02:48,3/2/2023 16:00,9/2/2023 06:00
27,Carta Blanca,16/6/2023 00:15,16/6/2023 08:44,17/6/2023 00:00,21/6/2023 01:30
27,Coors Light,2/6/2023 01:23,3/6/2023 12:44,4/6/2023 12:31,8/6/2023 05:00
27,Miller,25/9/2022 18:54,26/9/2022 03:07,26/9/2022 16:00,30/9/2022 18:00
27,Miller,11/5/2023 11:35,11/5/2023 19:47,12/5/2023 07:00,
27,Sol,2/1/2022 02:48,3/1/2022 02:33,3/1/2022 16:00,7/1/2022 08:05
27,Sol,7/10/2022 12:47,7/10/2022 19:56,8/10/2022 09:00,13/10/2022 09:30
27,Sol,8/11/2022 02:20,8/11/2022 08:49,9/11/2022 16:00,14/11/2022 00:15
27,Sol,19/11/2022 22:55,20/11/2022 07:47,21/11/2022 23:00,25/11/2022 14:00
27,Sol,29/4/2023 06:45,29/4/2023 16:37,30/4/2023 14:00,4/5/2023 18:00
27,Sol,21/5/2023 11:17,21/5/2023 22:00,22/5/2023 19:00,26/5/2023 15:40
27,Tecate,25/1/2022 22:26,26/1/2022 20:49,27/1/2022 10:00,29/1/2022 09:30
27,Tecate,23/6/2022 22:00,24/6/2022 07:04,25/6/2022 08:30,28/6/2022 17:00
27,Tecate,28/7/2022 09:58,28/7/2022 17:49,29/7/2022 09:00,
27,Tecate,21/8/2022 03:26,21/8/2022 15:00,22/8/2022 05:30,27/8/2022 18:00
27,Tecate,28/10/2022 15:41,28/10/2022 21:33,29/10/2022 15:45,2/11/2022 10:00
27,Tecate,3/12/2022 10:52,3/12/2022 20:19,4/12/2022 16:00,9/12/2022 08:48
27,Tecate,26/2/2023 18:18,27/2/2023 02:47,27/2/2023 15:00,3/3/2023 12:00
27,Tecate,19/4/2023 03:08,19/4/2023 13:38,19/4/2023 00:00,24/4/2023 17:30
27,Tecate Light,12/1/2022 15:48,13/1/2022 01:22,13/1/2022 05:00,17/1/2022 16:42
27,Tecate Light,6/2/2022 16:13,7/2/2022 02:13,7/2/2022 20:30,11/2/2022 10:00
27,Tecate Light,19/2/2022 19:41,20/2/2022 08:35,21/2/2022 01:00,25/2/2022 20:45
27,Tecate Light,28/2/2022 19:15,1/3/2022 01:43,1/3/2022 20:00,5/3/2022 22:00
27,Tecate Light,11/3/2022 18:20,12/3/2022 02:03,12/3/2022 23:30,17/3/2022 18:00
27,Tecate Light,23/3/2022 01:27,23/3/2022 08:20,24/3/2022 14:00,28/3/2022 13:20
27,Tecate Light,2/4/2022 18:20,3/4/2022 04:39,4/4/2022 04:57,8/4/2022 02:00
27,Tecate Light,13/4/2022 12:28,13/4/2022 23:52,14/4/2022 23:00,19/4/2022 16:52
27,Tecate Light,23/4/2022 02:10,23/4/2022 09:24,24/4/2022 06:30,28/4/2022 11:00
27,Tecate Light,2/6/2022 11:39,2/6/2022 18:08,3/6/2022 16:00,6/6/2022 20:03
27,Tecate Light,12/6/2022 18:11,13/6/2022 01:41,13/6/2022 16:40,17/6/2022 03:00
27,Tecate Light,4/7/2022 07:50,4/7/2022 14:59,5/7/2022 10:00,8/7/2022 18:36
27,Tecate Light,17/7/2022 02:11,17/7/2022 10:41,18/7/2022 05:00,22/7/2022 05:00
27,Tecate Light,31/8/2022 23:33,1/9/2022 05:21,2/9/2022 08:30,6/9/2022 05:00
27,Tecate Light,13/9/2022 11:03,13/9/2022 23:37,14/9/2022 14:50,18/9/2022 12:25
27,Tecate Light,16/10/2022 20:56,17/10/2022 05:34,17/10/2022 20:00,22/10/2022 07:09
27,Tecate Light,15/12/2022 20:56,16/12/2022 12:23,16/12/2022 21:00,22/12/2022 05:00
27,Tecate Light,10/1/2023 04:10,10/1/2023 21:30,11/1/2023 16:40,15/1/2023 17:00
27,Tecate Light,16/2/2023 19:01,17/2/2023 08:19,18/2/2023 00:00,22/2/2023 05:00
27,Tecate Light,9/3/2023 05:05,9/3/2023 22:04,10/3/2023 13:00,14/3/2023 05:00
27,Tecate Light,19/3/2023 02:00,19/3/2023 10:03,20/3/2023 01:00,23/3/2023 11:15
27,Tecate Light,27/6/2023 14:39,28/6/2023 04:41,28/6/2023 16:15,2/7/2023 17:50
27,TK,2/4/2023 16:22,3/4/2023 01:21,3/4/2023 13:00,6/4/2023 12:00
28,Amstel Utra,23/1/2023 20:05,24/1/2023 12:00,25/1/2023 10:00,28/1/2023 22:00
28,Carta Blanca,18/4/2022 19:00,19/4/2022 14:58,20/4/2022 14:00,24/4/2022 17:00
28,Carta Blanca,28/8/2022 11:00,28/8/2022 21:07,29/8/2022 10:30,1/9/2022 14:00
28,Carta Blanca,11/10/2022 00:33,11/10/2022 09:11,12/10/2022 00:00,15/10/2022 18:02
28,Carta Blanca,3/1/2023 13:38,3/1/2023 22:18,4/1/2023 08:30,8/1/2023 04:55
28,Carta Blanca,14/1/2023 06:40,14/1/2023 15:40,15/1/2023 15:00,18/1/2023 15:21
28,Carta Blanca,29/3/2023 16:47,30/3/2023 03:08,30/3/2023 21:30,3/4/2023 10:40
28,Carta Blanca,25/4/2023 12:35,26/4/2023 01:49,26/4/2023 22:00,29/4/2023 23:33
28,Coors Light,23/5/2022 16:10,25/5/2022 03:00,25/5/2022 13:00,29/5/2022 07:19
28,Coors Light,14/6/2022 16:06,15/6/2022 23:08,16/6/2022 12:00,20/6/2022 05:00
28,Miller,27/7/2022 16:10,28/7/2022 01:14,28/7/2022 11:20,
28,Miller,4/3/2023 07:52,4/3/2023 14:32,5/3/2023 08:00,8/3/2023 02:00
28,Sol,26/2/2022 11:11,26/2/2022 22:17,27/2/2022 21:30,3/3/2022 16:30
28,Sol,8/3/2022 02:57,8/3/2022 10:43,9/3/2022 14:50,12/3/2022 22:00
28,Sol,5/7/2022 15:54,26/7/2022 01:46,6/7/2022 22:00,10/7/2022 17:00
28,Sol,19/9/2022 04:11,19/9/2022 11:09,20/9/2022 05:20,24/8/2022 04:00
28,Sol,15/4/2023 23:19,16/4/2023 07:52,17/4/2023 07:00,21/4/2023 17:00
28,Tecate,18/3/2022 16:26,19/3/2022 02:39,20/3/2022 01:00,22/3/2022 20:11
28,Tecate,30/4/2022 09:21,30/4/2022 19:15,1/5/2022 07:00,4/5/2022 18:00
28,Tecate,7/8/2022 12:30,8/8/2022 01:14,8/8/2022 19:00,13/8/2022 04:00
28,Tecate,18/8/2022 02:00,18/8/2022 08:32,19/8/2022 11:50,15/10/2023 18:00
28,Tecate,9/5/2023 02:47,9/5/2023 11:49,10/5/2023 07:40,13/5/2023 17:20
28,Tecate Light,8/1/2022 05:20,8/1/2022 17:43,9/1/2022 23:50,13/1/2022 02:00
28,Tecate Light,19/1/2022 05:15,19/1/2022 15:17,20/1/2022 07:30,24/1/2022 05:37
28,Tecate Light,1/2/2022 12:01,1/2/2022 19:14,2/2/2022 14:00,7/2/2022 01:00
28,Tecate Light,12/2/2022 05:29,12/2/2022 14:16,13/2/2022 05:30,18/2/2022 09:00
28,Tecate Light,29/3/2022 20:59,30/3/2022 13:14,31/3/2022 10:00,3/4/2022 07:00
28,Tecate Light,10/4/2022 05:58,10/4/2022 13:31,11/4/2022 15:08,15/4/2022 12:00
28,Tecate Light,13/5/2022 03:27,13/5/2022 11:34,14/5/2023 02:40,18/5/2022 05:00
28,Tecate Light,4/6/2022 11:21,4/6/2022 20:12,5/6/2021 12:00,8/6/2022 19:56
28,Tecate Light,24/6/2022 07:28,24/6/2022 14:08,25/6/2022 10:30,29/6/2022 19:00
28,Tecate Light,16/7/2022 03:56,16/7/2022 10:34,17/7/2022 11:40,21/7/2022 05:00
28,Tecate Light,6/9/2022 21:05,7/9/2022 09:08,8/9/2022 05:00,12/9/2022 17:46
28,Tecate Light,30/9/2022 10:39,30/9/2022 19:15,1/10/2022 16:00,6/10/2022 09:40
28,Tecate Light,20/10/2022 16:41,21/10/2022 01:21,21/10/2022 16:40,28/10/2022 05:00
28,Tecate Light,22/10/2022 05:37,22/10/2022 22:22,23/10/2022 19:30,28/10/2022 11:30
28,Tecate Light,2/11/2022 07:35,2/11/2022 18:44,3/11/2022 15:00,7/11/2022 16:12
28,Tecate Light,13/11/2022 07:00,13/11/2022 16:55,14/11/2022 17:10,19/11/2022 04:00
28,Tecate Light,28/11/2022 02:14,28/11/2022 08:36,29/11/2022 09:40,5/12/2022 05:00
28,Tecate Light,9/12/2022 16:46,10/12/2022 02:43,10/12/2022 17:00,15/12/2022 01:00
28,Tecate Light,21/12/2022 10:30,21/12/2022 18:45,22/12/2022 10:00,27/12/2022 06:00
28,Tecate Light,20/2/2023 07:08,20/2/2023 21:05,21/2/2023 12:15,25/2/2023 18:30
28,Tecate Light,15/3/2023 14:17,15/3/2023 21:09,16/3/2023 16:15,20/3/2023 05:00
28,Tecate Light,20/5/2023 13:55,20/5/2023 20:02,21/5/2023 12:00,26/5/2023 10:00
28,Tecate Light,2/6/2023 23:15,3/6/2023 08:11,4/6/2023 02:30,9/6/2023 05:00
28,Tecate Light,13/6/2023 06:31,13/6/2023 21:14,14/6/2023 12:00,18/6/2023 23:27
28,Tecate Light,25/6/2023 09:43,25/6/2023 17:46,26/6/2023 11:30,1/7/2023 02:15
29,Amstel Utra,5/11/2022 14:28,5/11/2022 23:24,6/11/2022 14:30,10/11/2022 16:00
29,Amstel Utra,16/6/2023 17:42,17/6/2023 03:27,17/6/2023 19:00,22/6/2023 18:00
29,Carta Blanca,21/3/2022 14:23,22/3/2022 00:04,22/3/2022 23:00,26/3/2022 07:30
29,Carta Blanca,16/5/2022 01:24,16/5/2022 11:30,17/5/2022 06:00,19/5/2022 06:00
29,Carta Blanca,28/6/2022 09:11,28/6/2022 09:11,29/6/2022 02:25,3/7/2022 07:09
29,Carta Blanca,10/7/2022 11:56,10/7/2022 23:16,11/7/2022 07:00,16/7/2022 02:00
29,Carta Blanca,15/10/2022 10:28,15/10/2022 16:07,16/10/2022 10:00,20/10/2022 13:25
29,Carta Blanca,16/11/2022 05:31,16/11/2022 14:30,17/11/2022 15:30,22/11/2022 06:15
29,Carta Blanca,3/2/2023 12:08,4/2/2023 01:15,4/2/2023 16:20,9/2/2023 06:00
29,Carta Blanca,10/3/2023 10:56,11/3/2023 03:21,12/3/2023 01:00,15/3/2023 02:40
29,Miller,26/4/2023 19:25,27/4/2023 13:24,28/4/2023 05:00,1/5/2023 18:30
29,Sol,10/2/2022 06:12,10/2/2022 15:47,11/2/2022 12:00,15/2/2022 06:26
29,Sol,19/2/2022 03:53,19/2/2022 17:50,20/2/2022 14:00,23/2/2022 10:00
29,Sol,1/4/2022 11:51,1/4/2022 22:07,4/1/2022 08:00,5/4/2022 19:32
29,Sol,26/5/2022 22:03,27/5/2022 07:08,28/5/2022 02:00,31/5/2022 08:10
29,Sol,18/6/2022 02:28,18/6/2022 09:37,18/6/2022 20:45,24/6/2022 18:00
29,Sol,30/7/2022 11:57,30/7/2022 22:40,31/7/2022 09:30,8/4/2022 16:00
29,Sol,2/3/2023 20:34,2/3/2023 20:34,2/3/2023 20:00,6/3/2023 13:30
29,Sol,21/3/2023 06:02,21/3/2023 19:05,22/3/2023 23:20,27/3/2023 05:00
29,Sol,17/4/2023 16:28,18/4/2023 00:55,18/4/2023 18:00,22/4/2023 14:45
29,Sol,10/5/2023 09:06,10/5/2023 16:28,11/5/2023 10:00,15/5/2023 15:59
29,Tecate,4/5/2022 01:44,9/5/2022 11:39,5/5/2022 08:00,8/5/2022 19:37
29,Tecate,7/6/2022 06:31,7/6/2022 18:09,8/6/2022 05:00,12/6/2022 21:00
29,Tecate,19/8/2022 13:59,19/8/2022 20:58,20/8/2022 15:00,25/8/2022 05:00
29,Tecate,28/6/2023 20:29,29/6/2023 06:09,29/6/2023 22:14,3/7/2023 18:25
29,Tecate Light,4/1/2022 18:07,5/1/2022 03:41,5/1/2022 19:00,9/1/2022 06:52
29,Tecate Light,16/1/2022 09:03,16/1/2022 19:31,17/1/2022 23:11,21/1/2022 17:00
29,Tecate Light,27/1/2022 21:39,28/1/2022 18:09,30/1/2022 17:40,3/2/2022 14:00
29,Tecate Light,28/2/2022 11:10,28/2/2022 17:52,1/3/2022 19:30,5/3/2022 00:39
29,Tecate Light,10/3/2022 16:36,11/3/2022 13:09,12/3/2022 14:37,16/3/2022 16:00
29,Tecate Light,12/4/2022 21:41,13/4/2022 11:00,14/4/2022 06:31,17/4/2022 15:07
29,Tecate Light,22/4/2022 17:17,23/4/2022 01:27,23/4/2022 17:30,28/4/2022 07:30
29,Tecate Light,20/7/2022 13:50,20/7/2022 22:17,21/7/2022 13:00,24/7/2022 18:24
29,Tecate Light,9/8/2022 13:56,10/8/2022 00:41,11/8/2022 08:00,15/8/2022 03:46
29,Tecate Light,30/8/2022 08:56,30/8/2022 20:26,31/8/2022 11:40,4/9/2022 04:25
29,Tecate Light,10/9/2022 13:19,10/9/2022 21:21,11/9/2022 03:30,16/9/2022 03:59
29,Tecate Light,23/9/2022 06:45,23/9/2022 19:05,24/9/2022 10:00,28/9/2022 22:00
29,Tecate Light,5/10/2022 03:55,5/10/2022 11:30,6/10/2022 02:40,10/10/2022 04:00
29,Tecate Light,26/10/2022 23:21,29/10/2022 06:22,28/10/2022 02:00,31/10/2022 10:00
29,Tecate Light,1/12/2022 22:45,2/12/2022 07:03,2/12/2022 23:00,7/12/2022 15:42
29,Tecate Light,11/12/2022 10:26,12/12/2022 04:00,12/12/2022 19:00,17/12/2022 18:00
29,Tecate Light,23/12/2022 10:53,23/12/2022 19:17,24/12/2022 13:30,29/12/2022 16:58
29,Tecate Light,8/1/2023 02:53,8/1/2023 11:30,9/1/2023 07:45,14/1/2023 01:34
29,Tecate Light,21/1/2023 10:10,21/1/2023 02:50,22/1/2023 15:30,27/1/2023 02:05
29,Tecate Light,18/2/2023 21:45,19/2/2023 04:42,19/2/2023 17:00,24/2/2023 16:00
29,Tecate Light,31/3/2023 08:54,31/3/2023 16:31,1/4/2023 04:30,6/4/2023 12:00
29,Tecate Light,20/5/2023 07:00,20/5/2023 12:58,21/5/2023 07:00,25/5/2023 15:00
29,Tecate Light,2/6/2023 16:26,2/6/2023 23:42,3/6/2023 20:00,8/6/2023 05:00
30,Amstel Utra,6/11/2022 00:01,6/11/2022 09:13,7/11/2022 00:25,11/11/2022 04:00
30,Amstel Utra,24/6/2023 20:53,25/6/2023 05:46,26/6/2023 15:00,29/6/2023 22:11
30,Carta Blanca,5/1/2022 05:09,5/1/2022 17:47,7/1/2022 04:30,10/1/2022 06:00
30,Carta Blanca,5/9/2022 09:27,5/9/2022 16:34,6/9/2022 10:00,9/9/2022 23:00
30,Carta Blanca,31/1/2023 00:21,31/1/2023 13:35,1/2/2023 12:00,5/2/2023 03:40
30,Carta Blanca,7/3/2023 20:39,8/3/2023 05:22,9/3/2023 08:40,13/3/2023 05:00
30,Carta Blanca,31/5/2023 10:00,31/5/2023 20:04,1/6/2023 20:00,6/6/2023 03:59
30,Coors Light,17/7/2022 19:10,19/7/2022 11:09,19/7/2022 12:00,23/7/2022 16:00
30,Coors Light,24/8/2022 11:07,26/8/2022 04:53,27/8/2022 04:00,30/8/2022 23:00
30,Miller,7/6/2022 19:42,8/6/2022 10:15,9/6/2022 04:30,12/6/2022 19:38
30,Miller,19/5/2023 08:28,19/5/2023 14:44,20/5/2023 10:00,24/5/2023 06:00
30,Sol,0000-00-00 00:00:00,,,
30,Sol,14/1/2022 14:28,14/1/2022 23:58,16/1/2022 09:30,19/1/2022 23:00
30,Sol,10/2/2022 14:17,11/2/2022 00:35,11/2/2022 23:59,15/2/2022 14:40
30,Sol,1/3/2022 10:21,1/3/2022 19:59,2/3/2022 10:00,5/3/2022 19:00
30,Sol,12/3/2022 01:17,12/3/2022 10:30,13/3/2022 11:40,17/3/2022 02:00
30,Sol,3/4/2022 18:58,4/4/2022 03:20,5/4/2022 13:30,9/4/2022 04:00
30,Sol,14/8/2022 20:59,15/8/2022 06:08,15/8/2022 22:30,20/8/2022 06:00
30,Sol,27/10/2022 06:53,27/10/2022 22:29,28/10/2022 15:45,31/10/2022 13:13
30,Sol,22/12/2022 16:53,23/12/2022 01:19,24/12/2022 03:30,28/12/2022 05:00
30,Sol,6/1/2023 15:22,7/1/2023 04:24,1/7/2023 23:00,11/1/2023 21:45
30,Sol,15/2/2023 13:35,15/2/2023 23:02,19/2/2023 02:00,20/2/2023 18:30
30,Sol,26/2/2023 01:54,26/2/2023 08:01,27/2/2023 04:00,3/3/2023 12:00
30,Sol,16/3/2023 23:44,17/3/2023 15:27,18/3/2023 07:00,22/3/2022 10:24
30,Sol,28/3/2023 20:19,29/3/2023 02:51,30/3/2023 17:04,3/4/2023 09:30
30,Sol,22/4/2023 10:56,22/4/2023 19:20,24/4/2023 05:00,28/4/2023 05:00
30,Tecate,14/4/2022 06:52,15/4/2022 01:30,15/4/2022 14:00,18/4/2022 05:00
30,Tecate,8/10/2022 04:55,8/10/2022 18:46,9/10/2022 05:00,12/10/2022 00:30
30,Tecate,17/11/2022 21:45,17/11/2022 08:48,17/11/2022 20:00,22/11/2022 07:19
30,Tecate Light,31/1/2022 14:59,1/2/2022 10:17,2/2/2022 03:30,5/2/2022 14:00
30,Tecate Light,23/3/2022 15:54,24/3/2022 03:28,24/3/2022 17:00,28/3/2022 05:15
30,Tecate Light,23/4/2022 18:47,24/4/2022 01:45,25/4/2022 01:00,28/4/2022 13:16
30,Tecate Light,5/5/2022 13:23,6/5/2022 00:29,6/5/2022 22:00,10/5/2022 06:00
30,Tecate Light,17/5/2022 14:02,17/5/2022 19:58,18/5/2022 09:00,23/5/2022 01:30
30,Tecate Light,28/5/2022 05:11,28/5/2022 12:03,29/5/2022 14:20,2/6/2022 16:00
30,Tecate Light,4/7/2022 21:03,5/7/2022 07:54,6/7/2022 18:59,9/7/2022 18:40
30,Tecate Light,29/7/2022 09:10,29/7/2022 16:30,30/7/2022 09:42,
30,Tecate Light,14/9/2022 06:01,14/9/2022 13:31,15/9/2022 07:00,19/9/2022 21:00
30,Tecate Light,26/9/2022 11:16,26/9/2022 18:26,27/9/2022 12:00,30/9/2021 23:00
30,Tecate Light,30/11/2022 22:33,1/12/2022 15:09,2/11/2022 11:00,7/12/2022 18:00
30,Tecate Light,11/12/2022 02:31,12/11/2022 08:48,11/12/2022 10:00,17/12/2022 18:00
30,Tecate Light,17/1/2023 22:00,18/1/2023 10:37,19/1/2023 01:45,23/1/2023 05:00
30,Tecate Light,11/4/2023 23:45,12/4/2023 11:58,13/4/2023 07:00,17/4/2023 15:00
30,Tecate Light,5/5/2023 06:26,5/5/2023 14:21,6/5/2023 15:00,10/5/2023 03:00
30,Tecate Light,12/6/2023 18:17,13/6/2023 04:18,13/6/2023 20:00,17/6/2023 20:45
31,Carta Blanca,11/6/2022 09:03,11/6/2022 19:07,12/6/2022 07:10,15/6/2022 17:00
31,Carta Blanca,18/2/2023 14:30,18/2/2023 23:07,19/2/2023 17:10,23/2/2023 18:00
31,Coors Light,3/3/2022 02:13,4/3/2022 15:22,5/3/2022 03:30,8/3/2022 18:02
31,Coors Light,2/12/2022 22:20,4/12/2022 08:20,4/12/2022 18:30,8/12/2022 13:49
31,Miller,12/9/2022 16:37,13/9/2022 01:52,13/9/2022 23:00,17/9/2022 10:00
31,Sol,6/1/2022 22:25,7/1/2022 07:00,9/1/2022 01:10,12/1/2022 02:00
31,Sol,10/5/2022 12:14,10/5/2022 20:43,11/5/2022 21:00,14/5/2022 14:18
31,Sol,22/5/2022 12:28,22/5/2022 22:24,23/5/2022 13:30,27/5/2022 05:50
31,Sol,1/9/2022 06:21,1/9/2022 12:07,2/9/2022 07:30,6/9/2022 16:00
31,Sol,27/10/2022 23:30,28/10/2022 08:15,29/10/2022 02:30,2/11/2022 05:00
31,Sol,7/11/2022 19:12,8/11/2022 01:48,8/11/2022 22:00,12/11/2022 18:00
31,Sol,27/12/2022 03:07,27/12/2022 08:55,28/12/2022 05:30,1/1/2023 16:00
31,Sol,1/2/2023 16:40,1/2/2023 23:15,2/2/2023 17:30,9/2/2023 06:00
31,Sol,26/3/2023 06:23,26/3/2023 14:37,27/3/2023 07:00,31/3/2023 01:55
31,Tecate,11/8/2022 07:21,11/8/2022 16:25,12/8/2022 10:30,16/8/2022 17:00
31,Tecate,25/9/2022 00:48,25/9/2022 06:37,25/9/2022 19:00,29/9/2022 14:40
31,Tecate,20/1/2023 12:04,21/1/2023 08:06,22/1/2023 07:30,26/1/2023 13:03
31,Tecate,24/4/2023 03:02,24/4/2023 10:50,,29/4/2023 17:00
31,Tecate,9/5/2023 18:31,10/5/2023 00:36,11/5/2023 01:15,14/5/2023 16:00
31,Tecate,22/5/2023 16:08,23/5/2023 02:29,23/5/2023 19:45,27/5/2023 16:46
31,Tecate Light,18/1/2022 11:26,18/1/2022 19:27,19/1/2022 10:30,23/1/2022 06:41
31,Tecate Light,31/1/2022 07:49,1/2/2022 10:17,2/2/2022 03:00,4/2/2022 14:00
31,Tecate Light,11/2/2022 21:33,12/2/2022 06:45,13/7/2022 07:00,16/2/2022 00:00
31,Tecate Light,14/3/2022 22:58,15/3/2022 06:00,16/3/2022 03:00,20/3/2022 08:07
31,Tecate Light,26/3/2022 03:30,26/3/2022 10:42,27/3/2022 20:45,31/3/2022 02:20
31,Tecate Light,5/4/2022 22:16,6/4/2022 05:04,7/4/2022 01:40,10/4/2022 13:00
31,Tecate Light,16/4/2022 22:47,17/4/2022 08:26,17/4/2022 23:00,21/4/2022 16:05
31,Tecate Light,27/4/2022 14:35,27/4/2022 22:46,29/4/2022 00:00,1/5/2022 17:00
31,Tecate Light,1/6/2022 06:55,1/6/2022 16:37,2/6/2022 07:00,6/6/2022 06:25
31,Tecate Light,21/6/2022 22:37,22/6/2022 11:48,23/6/2022 02:00,27/6/2022 09:59
31,Tecate Light,4/7/2022 14:43,4/7/2022 22:14,5/7/2022 19:00,9/7/2022 17:00
31,Tecate Light,17/7/2022 11:19,17/7/2022 19:18,18/7/2022 13:20,22/7/2022 05:00
31,Tecate Light,28/7/2022 18:12,29/7/2022 02:45,29/7/2022 23:00,
31,Tecate Light,21/8/2022 15:57,22/8/2022 01:30,22/8/2022 21:30,27/8/2022 18:00
31,Tecate Light,7/10/2022 02:31,7/10/2022 11:48,8/10/2022 03:00,
31,Tecate Light,16/10/2022 01:53,16/10/2022 09:51,17/10/2022 07:00,20/10/2022 13:04
31,Tecate Light,19/11/2022 02:26,19/11/2022 11:57,20/11/2022 06:20,24/11/2022 17:00
31,Tecate Light,14/12/2022 21:49,15/12/2022 20:01,16/12/2022 06:00,19/12/2022 21:00
31,Tecate Light,7/1/2023 20:03,8/1/2023 04:16,8/1/2023 19:30,13/1/2023 01:34
31,Tecate Light,28/2/2023 14:52,3/1/2023 04:11,1/3/2023 19:30,5/3/2023 02:50
31,Tecate Light,12/3/2023 05:49,12/3/2023 14:22,13/3/2023 09:00,17/3/2023 04:35
31,Tecate Light,6/6/2023 06:47,6/6/2023 21:36,7/6/2023 13:00,11/6/2023 20:10
31,Tecate Light,2/7/2023 07:27,2/7/2023 13:32,3/7/2023 04:40,
32,Carta Blanca,22/6/2022 21:20,23/6/2022 06:59,24/6/2022 04:00,27/6/2022 22:00
32,Carta Blanca,27/7/2022 03:50,27/7/2022 15:49,28/7/2022 04:00,
32,Carta Blanca,18/8/2022 09:05,18/8/2022 17:19,19/8/2022 18:30,23/8/2022 18:00
32,Carta Blanca,11/10/2022 07:52,11/10/2022 16:19,12/10/2022 07:30,15/10/2022 18:05
32,Carta Blanca,12/11/2022 23:28,13/11/2022 08:03,14/11/2022 09:00,17/11/2022 05:00
32,Carta Blanca,27/11/2022 12:18,28/11/2022 01:20,28/11/2022 18:30,4/12/2022 01:00
32,Carta Blanca,28/1/2023 00:11,28/1/2023 13:51,29/1/2023 14:00,2/2/2023 05:25
32,Carta Blanca,2/4/2023 08:39,2/4/2023 15:05,3/4/2023 03:00,6/4/2023 12:00
32,Sol,10/1/2022 04:39,10/1/2022 13:58,11/1/2022 08:00,14/1/2022 18:47
32,Sol,1/3/2022 19:59,2/3/2022 05:34,3/3/2022 10:47,6/3/2022 18:00
32,Sol,24/3/2022 00:57,24/3/2022 12:09,25/3/2022 21:15,29/3/2022 03:00
32,Sol,4/4/2022 02:54,4/4/2022 11:11,6/4/2022 07:30,10/4/2022 01:00
32,Sol,14/4/2022 22:33,19/4/2022 00:19,,
32,Sol,29/4/2022 09:32,29/4/2022 19:29,30/4/2022 20:40,4/5/2022 02:40
32,Sol,22/5/2022 19:45,23/5/2022 06:49,24/5/2022 11:00,28/5/2022 01:00
32,Sol,2/6/2022 21:39,3/6/2022 02:06,4/6/2022 08:00,7/6/2022 18:20
32,Sol,7/9/2022 22:19,8/9/2022 04:51,8/9/2022 23:00,13/9/2022 15:00
32,Sol,1/10/2022 10:48,1/10/2022 18:07,2/10/2022 14:30,6/10/2022 09:43
32,Sol,8/12/2022 21:47,9/12/2022 05:42,10/12/2022 15:30,13/12/2022 05:00
32,Tecate,11/5/2022 12:05,5/11/2022 21:20,12/5/2022 15:00,15/5/2022 01:45
32,Tecate,3/7/2022 13:19,3/7/2022 22:54,4/7/2022 07:00,8/7/2022 10:45
32,Tecate,20/9/2022 02:49,20/9/2022 12:58,21/9/2022 04:20,25/9/2022 17:00
32,Tecate,31/10/2022 23:11,1/11/2022 11:21,2/11/2022 02:00,5/11/2022 15:10
32,Tecate,18/3/2023 17:52,19/3/2023 02:39,19/3/2023 19:00,22/3/2022 23:00
32,Tecate,2/5/2023 20:23,3/5/2023 06:18,4/5/2023 03:30,8/5/2023 09:32
32,Tecate,14/5/2023 21:30,15/5/2023 06:32,15/5/2023 17:00,19/5/2023 18:30
32,Tecate,27/5/2023 09:11,27/5/2023 17:30,28/5/2023 09:00,2/6/2023 15:15
32,Tecate Light,19/1/2022 02:40,19/1/2022 15:47,21/1/2022 20:00,24/1/2022 21:45
32,Tecate Light,1/2/2022 20:04,2/2/2022 03:04,2/2/2022 23:00,6/2/2022 19:00
32,Tecate Light,12/3/2022 21:23,13/3/2022 04:40,14/3/2022 10:00,18/3/2022 16:50
32,Tecate Light,13/6/2022 12:57,13/6/2022 19:50,14/6/2022 11:00,18/6/2022 14:00
32,Tecate Light,15/7/2022 18:58,16/7/2022 03:25,16/7/2022 21:30,21/7/2022 05:00
32,Tecate Light,7/8/2022 08:21,7/8/2022 22:45,8/8/2022 07:30,13/8/2022 04:00
32,Tecate Light,27/8/2022 20:39,28/8/2022 02:54,28/8/2022 19:40,1/9/2022 22:30
32,Tecate Light,22/10/2022 20:42,23/10/2022 05:35,23/10/2022 20:15,28/10/2022 08:50
32,Tecate Light,21/12/2022 03:29,21/12/2022 10:18,22/12/2022 02:00,26/12/2022 23:00
32,Tecate Light,3/1/2023 06:48,3/1/2023 13:39,4/1/2023 07:50,9/1/2023 10:50
32,Tecate Light,15/1/2023 08:05,15/1/2023 15:30,16/1/2023 10:00,21/1/2023 06:00
32,Tecate Light,12/2/2023 02:28,12/2/2023 09:04,13/2/2023 00:30,19/2/2023 05:00
32,Tecate Light,25/2/2023 03:31,25/2/2023 11:11,26/2/2023 02:00,3/3/2023 12:00
32,Tecate Light,8/3/2023 04:29,8/3/2023 16:40,9/3/2023 05:30,13/3/2023 05:00
32,Tecate Light,20/4/2023 03:17,20/4/2023 19:06,21/4/2023 10:00,
32,Tecate Light,5/6/2023 14:32,,6/6/2023 12:00,10/6/2023 14:10
32,Tecate Light,19/6/2023 08:04,19/6/2023 13:39,20/6/2023 11:00,25/6/2023 05:00
32,Tecate Light,1/7/2023 11:43,2/7/2023 02:10,2/7/2023 16:00,
33,Carta Blanca,9/2/2022 19:06,10/2/2022 05:26,11/2/2022 12:00,14/2/2022 14:00
33,Carta Blanca,17/9/2022 08:28,17/9/2022 16:37,18/9/2022 12:15,21/9/2022 18:30
33,Carta Blanca,8/11/2022 19:07,9/11/2022 05:52,9/11/2022 22:00,13/11/2022 11:30
33,Carta Blanca,11/2/2023 06:45,,,17/2/2023 06:00
33,Carta Blanca,29/4/2023 17:58,30/4/2023 02:37,1/5/2023 01:30,4/5/2023 18:00
33,Carta Blanca,12/5/2023 12:18,12/5/2023 21:58,13/5/2023 17:00,
33,Carta Blanca,7/6/2023 07:57,7/6/2023 17:23,8/6/2023 12:00,11/6/2023 21:04
33,Sol,21/2/2022 18:30,22/2/2022 09:21,24/2/2021 21:00,27/2/2022 04:00
33,Sol,25/3/2022 18:08,26/3/2022 02:50,27/3/2022 21:00,29/3/2022 14:00
33,Sol,16/4/2022 12:20,16/4/2022 23:24,17/4/2022 19:30,20/4/2022 22:14
33,Sol,29/5/2022 23:02,30/5/2022 07:10,31/5/2022 03:30,4/6/2022 04:00
33,Sol,10/6/2022 00:01,10/6/2022 10:02,11/6/2022 01:00,14/6/2022 14:00
33,Sol,25/7/2022 16:23,26/7/2022 00:27,27/7/2022 10:40,30/7/2022 17:00
33,Sol,7/8/2022 00:24,7/8/2022 09:21,8/8/2022 04:50,12/8/2022 02:48
33,Sol,17/8/2022 08:26,18/8/2022 00:55,19/8/2022 01:00,22/8/2022 05:00
33,Sol,26/8/2022 20:07,27/8/2022 06:39,28/8/2022 13:00,1/9/2022 14:00
33,Sol,5/9/2022 02:20,5/9/2022 08:48,6/9/2022 10:00,9/9/2022 23:00
33,Sol,10/9/2022 04:48,9/10/2022 12:08,9/10/2022 12:08,14/10/2022 13:00
33,Sol,27/9/2022 16:31,28/9/2022 04:40,29/9/2022 01:50,3/10/2022 05:00
33,Sol,19/10/2022 06:00,19/10/2022 15:48,20/10/2022 17:00,24/10/2022 00:49
33,Sol,22/2/2023 17:00,23/2/2023 12:20,24/2/2023 10:00,28/2/2023 19:20
33,Tecate,15/1/2022 00:44,16/1/2022 00:12,17/1/2022 00:40,17/1/2022 20:00
33,Tecate,19/5/2022 16:22,20/5/2022 06:38,20/5/2022 21:40,24/5/2022 15:00
33,Tecate,22/11/2022 03:19,22/11/2022 16:41,23/11/2022 05:00,27/11/2022 18:00
33,Tecate,16/12/2022 19:10,17/12/2022 03:03,17/12/2022 14:00,22/12/2022 05:00
33,Tecate,20/3/2023 03:16,22/3/2023 04:39,22/3/2023 01:50,24/3/2023 09:00
33,Tecate Light,2/1/2022 13:06,3/1/2022 04:00,3/1/2021 20:00,7/1/2022 14:20
33,Tecate Light,26/1/2022 22:39,27/1/2022 18:55,28/1/2022 17:00,30/1/2022 09:30
33,Tecate Light,4/3/2022 01:32,4/3/2022 09:25,5/3/2022 03:00,8/3/2022 06:37
33,Tecate Light,14/3/2022 14:50,14/3/2022 22:19,16/3/2022 04:00,20/3/2022 01:10
33,Tecate Light,5/4/2022 09:56,5/4/2022 22:38,6/4/2022 13:40,10/4/2022 12:59
33,Tecate Light,27/4/2022 06:26,27/4/2022 13:48,28/4/2022 16:00,1/5/2022 05:00
33,Tecate Light,8/5/2022 12:01,8/5/2022 19:08,9/5/2022 20:00,12/5/2022 06:00
33,Tecate Light,20/6/2022 00:23,20/6/2022 14:39,21/6/2022 07:00,26/6/2022 01:00
33,Tecate Light,1/7/2022 15:59,1/7/2022 22:08,2/7/2022 16:10,8/7/2022 18:00
33,Tecate Light,14/7/2022 01:41,14/7/2022 11:06,15/7/2022 03:40,19/7/2022 04:15
33,Tecate Light,29/10/2022 13:50,29/10/2022 20:00,30/10/2022 17:10,11/4/2022 01:00
33,Tecate Light,4/12/2022 16:46,5/12/2022 03:55,5/12/2022 20:00,9/12/2022 19:18
33,Tecate Light,28/12/2022 09:56,28/12/2022 11:02,29/12/2022 13:00,2/1/2023 15:05
33,Tecate Light,13/1/2023 16:29,14/1/2023 00:19,14/1/2023 19:45,
33,Tecate Light,24/1/2023 14:46,25/1/2023 08:31,25/1/2023 21:00,28/1/2023 22:00
33,Tecate Light,5/3/2023 03:20,5/3/2023 11:10,6/3/2023 05:00,10/3/2023 05:00
33,Tecate Light,19/4/2023 12:19,19/4/2023 21:16,20/4/2023 00:00,
33,Tecate Light,24/5/2023 19:40,25/5/2023 11:34,26/5/2023 07:30,31/5/2023 06:00
33,Tecate Light,18/6/2023 05:13,18/6/2023 19:48,19/6/2023 15:00,25/6/2023 05:00
33,Tecate Light,30/6/2023 09:01,30/6/2023 08:53,1/7/2023 19:30,
33,TKTL 6,4/4/2023 05:32,4/4/2023 21:17,5/3/2023 10:00,6/4/2023 12:00
34,Amstel Utra,17/12/2022 02:27,17/12/2022 13:02,18/12/2022 09:00,22/12/2022 05:00
34,Carta Blanca,24/1/2022 21:53,25/1/2022 20:44,26/1/2022 12:00,29/1/2022 09:30
34,Carta Blanca,2/3/2022 10:47,,3/3/2022 11:00,7/3/2022 02:47
34,Carta Blanca,13/3/2022 06:14,13/3/2022 19:15,14/3/2022 10:00,18/3/2022 05:00
34,Carta Blanca,24/3/2022 14:16,25/3/2022 04:14,25/3/2022 19:30,29/3/2022 06:07
34,Carta Blanca,4/4/2022 12:45,4/4/2022 21:06,5/4/2022 16:30,8/4/2022 01:00
34,Carta Blanca,28/10/2022 22:24,29/10/2022 05:21,30/10/2022 01:00,1/11/2022 11:00
34,Carta Blanca,7/1/2023 12:11,7/1/2023 20:31,8/1/2023 12:45,13/1/2023 01:34
34,Coors Light,12/9/2022 11:49,14/9/2022 00:01,14/9/2022 05:00,17/9/2022 10:00
34,Miller,8/8/2022 05:03,8/8/2022 18:39,9/8/2022 05:00,14/8/2022 04:00
34,Miller,16/11/2022 13:44,17/11/2022 22:01,17/11/2022 10:00,21/11/2022 14:00
34,RIZOS,21/4/2023 00:16,25/4/2023 00:23,,28/4/2023 05:00
34,RIZZOS,1/12/2022 06:17,5/12/2022 04:45,5/12/2022 07:30,9/12/2022 05:00
34,Sol,21/2/2022 02:00,21/2/2022 17:03,22/2/2022 22:00,26/2/2022 14:00
34,Sol,29/5/2022 14:40,29/5/2022 22:27,30/5/2022 17:00,3/6/2022 03:59
34,Sol,18/8/2022 18:58,23/8/2022 15:01,23/8/2022 22:00,25/8/2022 05:00
34,Sol,19/1/2023 10:46,20/1/2023 04:15,21/1/2023 01:00,26/1/2023 12:34
34,Sol,18/2/2023 07:31,18/2/2023 16:24,19/2/2023 10:40,23/2/2023 18:00
34,Sol,25/3/2023 16:13,26/3/2023 05:10,26/3/2023 22:00,30/3/2023 13:49
34,Tecate,1/1/2022 17:56,2/1/2022 11:50,2/1/2022 23:00,5/1/2022 18:00
34,Tecate,7/5/2022 15:14,8/5/2022 00:24,8/5/2022 12:30,12/5/2022 06:00
34,Tecate,19/5/2022 03:38,19/5/2022 15:02,20/5/2022 10:00,23/5/2022 05:00
34,Tecate,8/6/2022 03:39,8/6/2022 16:03,9/6/2022 10:20,12/6/2022 23:30
34,Tecate,19/6/2022 04:57,19/6/2022 14:37,20/6/2022 11:00,24/6/2022 18:00
34,Tecate,1/7/2022 08:00,1/7/2022 14:52,3/7/2022 02:00,6/7/2022 04:00
34,Tecate,23/7/2022 09:43,25/7/2022 14:08,,28/7/2022 06:00
34,Tecate,1/9/2022 20:18,2/9/2022 06:24,2/9/2022 23:30,6/9/2022 16:00
34,Tecate,24/9/2022 17:41,25/9/2022 00:13,25/9/2022 11:00,29/9/2022 17:41
34,Tecate,27/12/2022 10:45,27/12/2022 21:52,28/12/2022 08:00,1/1/2023 16:00
34,Tecate,10/4/2023 15:54,11/4/2023 00:01,11/4/2023 22:00,15/4/2023 22:06
34,Tecate,10/5/2023 01:37,10/5/2023 07:54,11/5/2023 03:00,15/5/2023 15:59
34,Tecate Light,12/1/2022 02:19,12/1/2022 15:32,13/1/2022 07:00,16/1/2022 22:00
34,Tecate Light,6/2/2022 23:09,6/2/2022 18:01,8/2/2022 00:00,11/2/2022 01:40
34,Tecate Light,15/4/2022 09:17,15/4/2022 17:34,16/4/2022 08:00,20/4/2022 13:20
34,Tecate Light,24/4/2022 16:02,25/4/2022 09:00,26/4/2022 01:00,30/4/2022 07:19
34,Tecate Light,11/7/2022 20:38,12/7/2022 06:50,12/7/2022 22:00,17/7/2022 03:00
34,Tecate Light,6/10/2022 07:00,6/10/2022 23:53,7/10/2022 20:30,
34,Tecate Light,17/10/2022 05:30,17/10/2022 14:26,18/10/2022 09:30,22/10/2022 05:27
34,Tecate Light,6/11/2022 17:54,7/11/2022 01:25,7/11/2022 19:30,12/11/2022 18:00
34,Tecate Light,3/1/2023 05:28,1/3/2023 17:55,2/3/2023 09:00,5/3/2023 19:20
34,Tecate Light,1/2/2023 10:01,1/2/2023 16:14,2/2/2023 16:00,9/2/2023 06:00
34,Tecate Light,13/3/2023 03:27,13/3/2023 11:17,14/3/2023 17:00,18/3/2023 16:00
34,Tecate Light,23/5/2023 19:31,24/5/2023 02:54,25/5/2023 04:00,29/5/2023 18:00
34,Tecate Light,5/6/2023 07:30,6/6/2023 15:55,6/6/2023 06:00,10/6/2023 18:20
34,Tecate Light,17/6/2023 20:36,18/6/2023 04:41,19/6/2023 03:00,23/6/2023 07:00
34,Tecate Light,30/6/2023 00:05,30/6/2023 08:53,1/7/2023 01:30,
35,Amstel Utra,3/5/2023 06:46,3/5/2023 15:07,4/5/2023 10:00,
35,Carta Blanca,26/4/2022 19:56,27/4/2022 05:32,27/4/2022 20:40,30/4/2022 07:48
35,Carta Blanca,14/7/2022 12:44,14/7/2022 22:12,15/7/2022 11:00,19/7/2022 05:41
35,Carta Blanca,28/8/2022 22:38,29/8/2022 06:41,29/8/2022 22:00,1/9/2022 14:00
35,Carta Blanca,9/9/2022 01:16,9/9/2022 18:55,10/9/2022 05:00,15/9/2022 01:00
35,Carta Blanca,24/2/2023 10:22,24/2/2023 20:00,25/2/2023 09:42,28/2/2023 05:00
35,Carta Blanca,13/3/2023 17:36,14/3/2023 03:19,14/3/2023 19:30,19/3/2023 18:00
35,Carta Blanca,26/3/2023 16:05,27/3/2023 02:20,27/3/2023 12:40,31/3/2023 13:00
35,Coors Light,7/2/2022 16:28,9/2/2022 04:37,10/2/2022 05:00,13/2/2022 00:30
35,Coors Light,23/10/2022 11:19,25/10/2022 02:02,25/10/2022 12:00,28/10/2022 13:15
35,Miller,3/3/2022 01:53,3/3/2022 17:27,4/3/2022 03:40,7/3/2022 13:00
35,Sol,12/3/2022 11:37,12/3/2022 20:16,13/3/2022 19:30,17/3/2022 12:00
35,Sol,22/6/2022 19:10,23/6/2022 14:00,24/6/2022 03:00,26/6/2022 22:00
35,Sol,5/7/2022 07:03,7/5/2022 16:36,7/7/2022 18:59,9/7/2022 05:00
35,Sol,1/9/2022 18:08,2/10/2022 01:48,2/10/2022 22:00,8/10/2022 04:26
35,Sol,4/11/2022 00:11,4/11/2022 12:14,5/11/2022 14:40,8/11/2022 22:16
35,Sol,14/11/2022 17:57,15/11/2022 01:47,16/11/2022 07:30,20/11/2022 01:00
35,Sol,27/11/2022 05:06,27/11/2022 11:14,28/11/2022 06:30,5/12/2022 05:00
35,Sol,20/12/2022 22:50,20/12/2022 06:36,20/12/2022 20:00,25/12/2022 07:35
35,Sol,5/3/2023 12:06,5/3/2023 20:26,6/3/2023 14:30,10/3/2023 05:00
35,Sol,22/4/2023 04:31,22/4/2023 12:28,23/4/2023 13:00,28/4/2023 05:00
35,Sol,9/6/2023 07:36,9/6/2023 20:45,10/6/2023 22:30,15/6/2023 04:00
35,Sol,30/6/2023 17:34,1/7/2023 02:05,2/7/2023 03:00,5/7/2023 05:00
35,Tecate,7/1/2022 09:21,7/1/2022 19:03,8/1/2022 13:00,13/1/2022 02:00
35,Tecate,25/3/2022 02:20,25/3/2022 11:31,26/3/2022 02:40,30/3/2022 13:00
35,Tecate,4/4/2022 23:33,5/4/2022 08:12,6/4/2022 09:20,9/4/2022 13:00
35,Tecate,11/6/2022 17:30,12/6/2022 05:46,12/6/2022 16:00,15/6/2022 17:00
35,Tecate,19/8/2022 01:14,19/8/2022 08:07,20/8/2022 04:20,24/8/2022 17:00
35,Tecate,20/9/2022 12:16,20/9/2022 19:34,21/9/2022 16:00,25/9/2022 17:00
35,Tecate,27/1/2023 09:53,27/1/2023 22:28,28/1/2023 12:47,1/2/2023 16:00
35,Tecate,27/5/2023 23:18,28/5/2023 07:36,28/5/2023 03:40,1/6/2023 17:00
35,Tecate,20/6/2023 23:49,21/6/2023 07:42,22/6/2023 05:00,25/6/2023 06:30
35,Tecate Light,16/1/2022 20:45,17/1/2022 05:40,18/1/2021 13:00,22/1/2022 03:00
35,Tecate Light,16/4/2022 00:51,16/4/2022 10:34,17/4/2022 05:00,20/4/2022 22:06
35,Tecate Light,9/5/2022 05:26,9/5/2022 19:45,10/5/2022 11:00,14/5/2022 03:23
35,Tecate Light,22/5/2022 05:13,22/5/2022 12:44,23/5/2022 03:30,28/5/2022 01:00
35,Tecate Light,2/6/2022 04:08,2/6/2022 10:39,6/3/2022 06:00,7/6/2022 16:38
35,Tecate Light,25/7/2022 03:58,25/7/2022 16:45,26/7/2022 11:00,30/7/2022 17:00
35,Tecate Light,8/8/2022 13:15,9/8/2022 03:06,10/8/2022 14:30,15/8/2022 01:23
35,Tecate Light,12/10/2022 18:47,13/10/2022 05:54,14/10/2022 02:00,16/10/2022 23:32
35,Tecate Light,8/12/2022 04:57,8/12/2022 21:01,9/12/2022 17:20,14/12/2022 06:00
35,Tecate Light,2/1/2023 14:16,2/1/2023 23:01,3/1/2023 17:00,8/1/2023 05:00
35,Tecate Light,15/1/2023 01:10,15/1/2023 07:25,16/1/2023 09:30,20/1/2023 18:00
35,Tecate Light,10/2/2023 23:31,11/2/2023 06:25,12/2/2023 10:39,17/2/2023 06:00
35,Tecate Light,11/4/2023 14:40,11/4/2023 22:39,12/4/2023 13:30,17/4/2023 15:00
35,Tecate Light,15/5/2023 20:13,16/5/2023 13:26,17/5/2023 23:00,21/5/2023 05:00
36,Carta Blanca,2/2/2022 04:18,2/2/2022 13:53,3/2/2022 10:00,6/2/2022 19:00
36,Carta Blanca,30/4/2022 19:50,1/5/2022 05:50,1/5/2022 23:00,5/5/2022 23:43
36,Carta Blanca,3/6/2022 03:09,3/6/2022 11:37,4/6/2022 08:00,6/6/2022 20:00
36,Carta Blanca,6/7/2022 03:20,6/7/2022 12:34,6/7/2022 23:00,10/7/2022 18:30
36,Carta Blanca,15/10/2022 01:34,15/10/2022 09:21,16/10/2022 00:30,20/10/2022 17:37
36,Carta Blanca,5/11/2022 04:16,5/11/2022 17:07,6/11/2022 07:35,11/10/2022 06:00
36,Carta Blanca,9/12/2022 06:20,9/12/2022 15:33,10/12/2022 11:40,15/12/2022 18:41
36,Carta Blanca,20/12/2022 06:39,20/12/2022 19:15,21/12/2022 07:00,
36,Carta Blanca,22/3/2023 20:43,23/3/2023 10:24,24/3/2023 11:00,28/3/2023 17:00
36,Carta Blanca,21/5/2023 05:33,22/5/2023 17:45,23/5/2023 10:00,27/5/2023 17:05
36,Coors Light,15/11/2022 20:42,17/11/2022 12:21,17/11/2022 15:00,22/11/2022 02:00
36,Coors Light,27/6/2023 03:56,28/6/2023 18:52,29/6/2023 02:20,3/7/2023 21:00
36,Sol,13/6/2022 21:18,14/6/2022 06:31,15/6/2022 07:00,18/6/2022 05:30
36,Sol,15/1/2023 16:54,16/1/2023 01:16,16/1/2023 14:30,21/1/2023 06:00
36,Sol,4/4/2023 22:48,5/4/2023 20:49,6/3/2023 09:59,6/4/2023 12:00
36,Sol,18/4/2023 00:03,18/4/2023 08:17,18/4/2023 23:00,23/4/2023 05:02
36,Sol,12/5/2023 21:08,13/5/2023 05:44,14/5/2023 09:00,17/5/2023 11:00
36,Sol,3/6/2023 22:18,4/6/2023 06:51,5/6/2023 01:00,9/6/2023 03:00
36,Tecate,24/2/2022 10:07,25/2/2022 02:39,25/2/2022 13:00,
36,Tecate,6/3/2022 06:37,6/3/2022 14:08,7/3/2022 08:00,11/3/2022 06:20
36,Tecate,23/5/2022 21:49,24/5/2022 06:54,25/5/2022 00:05,29/5/2022 06:00
36,Tecate,27/7/2022 22:23,28/7/2022 08:50,29/7/2022 00:00,
36,Tecate,19/8/2022 21:16,20/8/2022 03:18,20/8/2022 23:30,25/8/2022 05:00
36,Tecate,11/3/2023 11:35,11/3/2023 19:38,12/3/2023 11:00,16/3/2023 02:45
36,Tecate Light,8/1/2022 17:42,9/1/2022 03:14,10/1/2022 07:00,14/1/2022 02:00
36,Tecate Light,19/1/2022 13:02,20/1/2022 06:46,22/1/2022 20:00,24/1/2022 11:08
36,Tecate Light,12/2/2022 13:46,12/2/2022 22:11,13/2/2022 19:30,18/2/2022 10:20
36,Tecate Light,16/3/2022 06:25,16/3/2022 13:39,17/3/2022 07:00,20/3/2022 22:35
36,Tecate Light,27/3/2022 00:57,27/3/2022 10:26,28/3/2022 11:05,1/4/2022 05:00
36,Tecate Light,9/4/2022 10:52,9/4/2022 19:36,10/4/2022 10:40,14/4/2022 06:26
36,Tecate Light,20/4/2022 10:45,20/4/2022 17:20,21/4/2022 14:30,25/4/2022 04:00
36,Tecate Light,13/5/2022 10:26,,14/5/2023 13:00,18/5/2022 05:00
36,Tecate Light,25/6/2022 13:40,25/6/2022 22:51,26/6/2022 20:00,30/6/2022 03:55
36,Tecate Light,16/7/2022 10:32,16/7/2022 17:51,18/7/2022 06:00,21/7/2022 05:00
36,Tecate Light,9/8/2022 23:55,10/8/2022 06:35,10/8/2022 20:11,15/8/2022 05:00
36,Tecate Light,31/8/2022 21:14,31/8/2022 08:39,1/9/2022 03:30,5/9/2022 03:45
36,Tecate Light,11/9/2022 11:25,11/9/2022 20:49,12/9/2022 15:00,17/9/2022 06:00
36,Tecate Light,23/9/2022 17:10,24/9/2022 03:50,24/9/2022 18:30,29/9/2022 16:00
36,Tecate Light,4/10/2022 13:57,5/10/2022 02:54,5/10/2022 19:10,10/10/2022 05:00
36,Tecate Light,26/10/2022 01:17,26/10/2022 14:34,27/10/2022 05:00,31/10/2022 06:06
36,Tecate Light,27/11/2022 18:53,28/11/2022 01:00,28/11/2022 21:00,5/12/2022 05:00
36,Tecate Light,1/1/2023 22:26,3/1/2023 06:16,4/1/2023 00:30,8/1/2023 21:06
36,Tecate Light,28/1/2023 21:47,29/1/2023 08:50,30/1/2023 00:00,3/2/2023 19:50
36,Tecate Light,12/2/2023 13:24,13/2/2023 06:36,14/2/2023 04:00,19/2/2023 05:00
36,Tecate Light,25/2/2023 10:52,25/2/2023 17:43,26/2/2023 04:08,3/3/2023 12:00
36,Tecate Light,28/4/2023 14:35,28/4/2023 21:11,29/1/2023 14:00,4/5/2023 05:10
36,Tecate Light,14/6/2023 17:38,15/6/2023 03:00,15/6/2023 18:00,19/6/2023 20:49
37,Carta Blanca,5/10/2022 21:46,11/5/2022 00:13,11/5/2022 21:00,16/5/2022 19:00
37,Coors Light,28/3/2022 22:08,29/3/2022 07:46,30/3/2022 10:00,3/4/2022 16:26
37,Coors Light,24/10/2022 12:48,24/10/2022 15:49,25/10/2022 10:00,29/10/2022 10:53
37,Coors Light,2/12/2022 21:57,3/12/2022 22:51,4/12/2022 18:00,8/12/2022 13:52
37,Miller,21/1/2022 06:28,21/1/2022 10:20,22/1/2022 18:00,27/1/2022 13:00
37,Miller,24/2/2022 06:40,24/2/2022 09:21,25/2/2022 07:30,1/3/2022 03:59
37,Miller,28/5/2022 02:32,28/5/2022 04:36,29/5/2022 01:00,2/6/2022 16:00
37,Miller,20/6/2022 01:45,20/6/2022 04:54,21/6/2022 01:00,25/6/2022 05:40
37,Miller,13/8/2022 15:10,13/6/2022 15:46,15/8/2022 03:20,17/8/2022 11:00
37,Miller,3/10/2022 03:01,3/10/2022 05:49,3/10/2022 12:00,9/10/2022 05:00
37,Miller,12/11/2022 17:09,12/11/2022 20:25,13/11/2022 14:30,18/11/2022 18:00
37,Miller,15/3/2023 07:36,15/3/2023 12:01,16/3/2023 13:10,20/3/2023 05:00
37,Tecate,14/2/2022 19:16,14/2/2022 19:16,16/2/2022 00:35,
37,Tecate,16/9/2022 18:24,19/9/2022 20:58,17/9/2022 14:00,21/9/2022 20:22
37,Tecate Light,1/7/2022 22:27,2/7/2022 00:40,2/7/2022 21:48,8/7/2022 06:00
37,Tecate Light,21/6/2023 22:06,21/6/2023 23:34,22/6/2023 18:30,25/6/2023 19:46
37,Tecate Light,3/7/2023 19:32,3/7/2023 23:50,,
38,Amstel Utra,15/7/2022 12:31,15/7/2022 15:54,17/7/2022 07:04,20/7/2022 14:00
38,Amstel Utra,23/4/2023 17:36,,24/4/2023 23:00,
38,Carta Blanca,11/5/2022 00:51,11/5/2022 03:07,11/5/2022 21:00,16/5/2022 19:00
38,Coors Light,29/3/2022 00:09,29/3/2022 02:03,30/3/2022 02:00,3/4/2022 17:00
38,Coors Light,24/10/2022 17:25,24/10/2022 20:45,25/10/2022 10:00,29/10/2022 10:54
38,Miller,5/1/2022 07:19,5/1/2022 10:28,6/1/2022 13:00,8/1/2022 12:00
38,Miller,18/1/2022 03:09,18/1/2022 06:35,18/1/2022 21:00,22/1/2022 09:51
38,Miller,9/2/2022 06:07,9/2/2022 09:58,10/2/2022 01:00,13/2/2022 14:00
38,Miller,9/4/2022 21:56,10/4/2022 02:18,10/4/2022 17:30,14/4/2022 14:30
38,Miller,20/6/2022 05:50,20/6/2022 08:44,21/6/2022 04:00,25/6/2022 05:55
38,Miller,16/9/2022 21:34,17/9/2022 01:29,17/9/2022 19:20,21/9/2022 22:48
38,Miller,3/10/2022 05:24,3/10/2022 08:28,3/10/2022 12:00,9/10/2022 17:00
38,Miller,5/12/2022 22:40,6/12/2022 01:51,6/12/2022 20:00,9/12/2022 12:03
38,Miller,18/1/2023 01:00,18/1/2023 05:00,21/1/2023 17:00,23/1/2023 06:00
38,Miller,8/3/2023 06:35,8/3/2023 09:44,9/3/2023 07:50,12/3/2023 06:00
38,Noche Buena,8/8/2022 20:36,9/8/2022 00:12,10/8/2022 02:00,14/8/2022 17:50
38,Sol,15/2/2023 04:25,15/2/2023 07:33,17/2/2023 02:00,20/2/2023 18:30
38,Tecate Light,2/7/2022 01:07,7/2/2022 03:15,2/7/2022 15:00,8/7/2022 06:00
38,Tecate Light,18/12/2022 15:24,18/12/2022 19:07,19/12/2022 20:00,23/12/2022 13:00
38,Tecate Light,7/5/2023 00:58,7/5/2023 03:36,9/5/2023 09:10,13/5/2023 07:40
39,Amstel Utra,9/12/2022 14:01,9/12/2022 17:31,11/12/2022 07:00,14/12/2022 06:00
39,Coors Light,5/8/2022 14:42,7/8/2022 01:00,7/8/2022 06:20,11/8/2022 02:24
39,Miller,11/3/2022 02:05,11/3/2022 05:18,12/3/2022 13:30,16/3/2022 16:00
39,Miller,8/6/2023 04:36,8/6/2023 08:38,9/6/2023 11:00,13/6/2023 04:00
39,Miller,25/6/2023 07:32,25/6/2023 08:37,26/6/2023 03:40,
39,Noche Buena,15/7/2022 09:06,15/7/2022 11:20,17/7/2022 06:20,20/7/2022 14:00
39,Sol,5/4/2023 12:15,5/4/2023 12:37,7/3/2023 09:59,6/4/2023 12:00
39,Tecate,15/2/2022 01:21,15/2/2022 05:38,16/2/2022 04:50,
39,Tecate,30/3/2022 10:16,30/3/2022 14:14,31/3/2022 10:00,4/4/2022 13:16
39,Tecate,23/3/2023 17:45,23/3/2023 20:55,24/3/2023 21:18,28/3/2023 17:00
39,Tecate Light,2/7/2022 04:16,2/7/2022 05:46,3/7/2022 02:50,8/7/2022 06:00
39,Tecate Light,8/5/2023 04:55,8/5/2023 11:40,9/5/2023 07:30,13/5/2023 07:41
40,Amstel Utra,21/11/2022 18:22,21/11/2022 21:56,22/11/2022 20:20,29/11/2022 08:00
40,Amstel Utra,9/12/2022 18:49,9/12/2022 22:40,11/12/2022 08:00,14/12/2022 06:00
40,Amstel Utra,3/1/2023 21:33,4/1/2023 01:23,5/1/2023 05:30,11/1/2023 12:00
40,Amstel Utra,15/3/2023 09:51,15/3/2023 13:54,16/3/2023 15:00,20/3/2023 05:00
40,Coors Light,20/1/2023 09:07,21/1/2023 09:39,21/1/2023 13:00,26/1/2023 13:00
40,Miller,14/1/2022 04:02,14/1/2022 07:05,15/1/2022 08:00,17/1/2022 18:33
40,Miller,9/2/2022 10:50,9/2/2022 14:23,10/2/2022 02:00,13/2/2022 14:00
40,Miller,12/5/2022 03:38,12/5/2022 05:34,13/5/2022 01:00,17/5/2022 18:00
40,Miller,3/7/2022 12:25,3/7/2022 16:20,7/4/2022 06:00,8/7/2022 10:00
40,Miller,30/3/2023 08:12,30/3/2023 12:18,31/3/2023 17:00,5/4/2023 18:00
40,Miller,22/4/2023 19:03,22/4/2023 22:43,24/4/2023 02:00,28/4/2023 19:07
40,Miller,11/5/2023 18:12,12/5/2023 00:13,12/5/2023 16:30,16/5/2023 06:13
40,Noche Buena,15/7/2022 12:38,15/7/2022 14:16,17/7/2022 06:35,20/7/2022 14:00
40,Noche Buena,9/8/2022 01:50,9/8/2022 04:57,10/8/2022 03:00,14/8/2022 17:50
40,Sol,28/8/2022 08:52,28/8/2022 09:58,29/8/2022 03:00,31/8/2022 17:00
40,Tecate,30/3/2022 16:35,30/3/2022 17:45,31/3/2022 10:00,4/4/2022 14:50
41,Amstel Utra,18/1/2022 00:49,18/1/2022 06:30,18/1/2022 21:00,23/1/2022 06:44
41,Amstel Utra,7/2/2022 14:38,8/2/2022 01:44,9/2/2022 16:30,13/2/2022 00:00
41,Amstel Utra,21/2/2022 11:02,22/2/2022 21:16,23/2/2022 17:00,28/2/2022 03:59
41,Amstel Utra,20/5/2022 03:36,20/5/2022 13:54,21/5/2022 07:00,24/5/2022 18:50
41,Amstel Utra,6/7/2022 11:46,6/7/2022 18:00,7/7/2022 04:00,10/7/2022 19:00
41,Amstel Utra,8/8/2022 00:02,8/8/2022 11:03,8/8/2022 22:00,14/8/2022 17:50
41,Amstel Utra,18/8/2022 16:31,18/8/2022 23:29,19/8/2022 19:30,25/8/2022 05:00
41,Amstel Utra,28/9/2022 02:06,28/9/2022 10:34,28/9/2022 11:00,5/10/2022 06:00
41,Amstel Utra,20/10/2022 09:36,20/10/2022 14:57,21/10/2022 03:30,27/10/2022 06:00
41,Amstel Utra,8/3/2023 18:23,9/3/2023 03:47,10/3/2023 03:00,12/3/2023 06:00
41,Amstel Utra,17/4/2023 00:44,17/4/2023 14:56,18/4/2023 10:00,22/4/2023 10:00
41,Amstel Utra,27/5/2023 17:22,28/5/2023 00:10,28/5/2023 10:15,3/6/2023 05:15
41,Coors Light,16/12/2022 14:45,17/12/2022 21:25,18/12/2022 09:30,22/12/2022 08:30
41,Miller,22/3/2022 07:06,22/3/2022 14:53,23/3/2022 09:00,26/3/2022 07:47
41,Miller,4/5/2022 13:06,4/5/2022 21:17,5/5/2022 09:30,10/5/2022 06:00
41,Miller,16/6/2022 08:38,16/6/2022 16:14,17/6/2022 22:30,21/6/2022 14:00
41,Miller,19/7/2022 11:56,19/7/2022 19:53,20/7/2022 08:00,23/7/2022 05:00
41,Miller,8/10/2022 15:10,8/10/2022 23:36,9/10/2022 09:00,14/10/2022 18:24
41,Miller,3/12/2022 20:13,4/12/2022 04:44,4/12/2022 15:00,9/12/2022 12:03
41,Miller,15/5/2023 15:20,15/5/2023 21:25,16/5/2023 20:30,21/5/2023 05:00
41,Miller,2/7/2023 02:40,2/7/2023 04:58,3/7/2023 21:00,
41,Sol,28/8/2022 03:59,28/8/2022 07:40,29/8/2022 01:00,31/8/2022 17:00
41,Tecate,5/3/2022 22:24,6/3/2022 06:09,7/3/2022 02:20,11/3/2022 06:40
41,Tecate,16/9/2022 13:57,16/9/2022 18:41,17/9/2022 18:50,21/9/2022 21:30
41,Tecate Light,27/3/2023 05:15,27/3/2023 16:28,28/3/2023 07:00,
42,Sol,28/3/2022 11:02,28/3/2022 21:46,29/3/2022 22:50,3/4/2022 12:30
42,Sol,18/4/2022 00:30,18/4/2022 08:46,18/4/2022 23:50,24/4/2022 17:00
42,Sol,10/4/2023 01:26,10/4/2023 17:07,11/4/2023 11:00,15/4/2023 19:30
42,Tecate,30/6/2022 01:23,30/6/2022 12:01,1/7/2022 02:00,5/7/2022 10:00
42,Tecate,18/9/2022 18:26,19/9/2022 01:07,20/9/2022 02:00,25/9/2022 05:00
42,Tecate Light,15/3/2022 07:46,16/3/2022 07:46,16/3/2022 23:00,21/3/2022 09:32
42,Tecate Light,28/4/2022 07:08,29/4/2022 03:34,29/4/2022 18:45,3/5/2022 23:00
42,Tecate Light,5/6/2022 11:14,5/6/2022 22:35,7/6/2022 04:30,10/6/2022 18:34
42,Tecate Light,16/6/2022 20:34,17/6/2022 08:36,18/6/2022 05:10,22/6/2022 06:15
42,Tecate Light,12/7/2022 17:02,13/7/2022 06:46,13/7/2022 22:00,18/7/2022 02:45
42,Tecate Light,23/7/2022 09:11,23/7/2022 23:20,24/7/2022 14:30,30/7/2022 17:00
42,Tecate Light,13/8/2022 17:16,14/8/2022 05:15,15/8/2022 02:00,19/8/2022 20:00
42,Tecate Light,26/8/2022 06:48,26/8/2022 19:37,27/8/2022 10:45,1/9/2022 14:00
42,Tecate Light,30/9/2022 16:55,1/10/2022 04:41,1/10/2022 20:00,7/10/2022 04:00
42,Tecate Light,12/10/2022 01:32,12/10/2022 17:35,13/10/2022 08:40,19/10/2022 05:00
42,Tecate Light,25/10/2022 15:02,26/10/2022 06:19,26/10/2022 21:30,30/10/2022 07:50
42,Tecate Light,3/1/2023 23:40,4/1/2023 12:02,5/1/2023 05:30,11/1/2023 00:35
42,Tecate Light,21/1/2023 16:31,22/1/2023 02:50,22/1/2023 20:00,28/1/2023 07:00
42,Tecate Light,9/2/2023 12:51,10/2/2023 07:55,11/2/2023 07:00,16/2/2023 07:00
42,Tecate Light,20/2/2023 22:35,21/2/2023 12:21,22/3/2023 03:00,27/2/2023 12:40
42,Tecate Light,24/3/2023 19:00,25/3/2023 10:13,25/3/2023 20:00,1/4/2023 08:37
42,Tecate Light,2/6/2023 06:51,2/6/2023 15:25,3/6/2023 17:00,9/6/2023 05:00
42,Tecate Light,25/6/2023 18:00,26/6/2023 05:24,27/6/2023 03:30,2/7/2023 02:15
43,Tecate,3/10/2022 08:14,4/10/2022 20:00,5/10/2022 12:10,11/10/2022 00:00
43,Tecate Light,19/4/2022 23:35,20/4/2022 10:26,21/4/2022 04:00,25/4/2022 04:00
43,Tecate Light,1/5/2022 13:34,1/5/2022 23:28,2/5/2022 19:30,8/5/2022 16:56
43,Tecate Light,3/6/2022 22:40,4/6/2022 10:07,5/6/2022 02:00,8/6/2022 16:28
43,Tecate Light,25/6/2022 01:00,25/6/2022 14:44,26/6/2022 07:51,30/6/2022 04:20
43,Tecate Light,8/7/2022 22:30,8/7/2022 07:22,9/7/2022 03:30,12/7/2022 01:00
43,Tecate Light,11/8/2022 20:25,12/8/2022 08:07,13/8/2022 01:00,17/8/2022 13:50
43,Tecate Light,22/8/2022 09:35,22/8/2022 20:09,23/8/2022 11:00,28/8/2022 22:30
43,Tecate Light,3/9/2022 04:37,3/9/2022 14:50,4/9/2022 07:00,9/9/2022 04:00
43,Tecate Light,21/9/2022 10:17,21/9/2022 20:37,21/9/2022 23:45,28/9/2022 00:18
43,Tecate Light,9/11/2022 10:38,9/11/2022 20:26,10/11/2022 13:00,14/11/2022 17:14
43,Tecate Light,22/11/2022 17:43,23/11/2022 11:13,24/11/2022 03:30,29/11/2022 13:00
43,Tecate Light,5/12/2022 05:31,5/12/2022 14:26,6/12/2022 11:45,10/12/2022 22:00
43,Tecate Light,17/12/2022 23:25,18/12/2022 09:00,19/12/2022 04:30,23/12/2022 11:00
43,Tecate Light,13/1/2023 04:15,13/1/2023 16:52,14/1/2023 03:00,19/1/2023 05:30
43,Tecate Light,19/3/2023 16:41,20/3/2023 03:10,20/3/2023 18:30,25/3/2023 01:51
43,Tecate Light,28/4/2023 02:20,28/4/2023 08:00,29/4/2023 02:15,5/5/2023 18:00
43,Tecate Light,13/6/2023 23:23,14/6/2023 16:58,15/6/2023 13:00,19/6/2023 20:52
43,Tecate Light,26/6/2023 04:56,26/6/2023 17:13,27/6/2023 20:30,2/7/2023 20:50
44,Sol,16/3/2022 18:31,17/3/2022 01:21,18/3/2022 07:00,21/3/2022 19:42
44,Sol,26/5/2023 10:50,26/5/2023 21:39,28/5/2023 00:19,1/6/2023 23:00
44,Tecate,12/5/2022 07:26,13/5/2022 02:49,13/5/2022 03:23,17/5/2022 18:00
44,Tecate,31/5/2022 02:16,31/5/2022 12:02,1/6/2022 03:00,6/6/2022 06:00
44,Tecate,2/7/2022 07:07,2/7/2022 14:19,3/7/2022 11:00,8/7/2022 08:29
44,Tecate Light,3/1/2022 16:08,4/1/2022 05:50,4/1/2022 19:00,8/1/2022 12:00
44,Tecate Light,5/3/2022 02:18,5/3/2022 14:19,6/3/2022 08:20,12/3/2022 06:00
44,Tecate Light,27/3/2022 11:03,27/3/2022 21:34,28/3/2022 22:30,3/4/2022 12:00
44,Tecate Light,8/4/2022 12:11,8/4/2022 23:36,9/4/2022 13:00,14/4/2022 03:41
44,Tecate Light,12/7/2022 07:00,12/7/2022 18:12,13/7/2022 09:20,17/7/2022 20:30
44,Tecate Light,23/7/2022 22:49,24/7/2022 09:58,25/7/2022 18:00,30/7/2022 17:00
44,Tecate Light,14/8/2022 03:29,14/8/2022 17:20,15/8/2022 08:30,20/8/2022 05:15
44,Tecate Light,7/9/2022 07:04,7/9/2022 16:18,8/9/2022 07:20,13/9/2022 14:00
44,Tecate Light,14/10/2022 16:10,15/10/2022 03:06,15/10/2022 15:20,21/10/2022 02:30
44,Tecate Light,26/10/2022 14:15,27/10/2022 00:41,27/10/2022 14:00,31/10/2022 06:10
44,Tecate Light,12/3/2023 17:41,13/3/2023 03:11,14/3/2023 04:00,20/3/2023 05:00
44,Tecate Light,13/5/2023 17:09,14/5/2023 02:11,14/5/2023 23:00,20/5/2023 00:00
44,Tecate Light,8/6/2023 10:11,9/6/2023 03:50,9/6/2023 22:00,15/6/2023 04:00
44,Tecate Light,22/6/2023 07:58,22/6/2023 23:49,23/6/2023 17:00,
44,Tecate Light,2/7/2023 21:42,3/7/2023 08:30,4/7/2023 07:00,
45,Carta Blanca,29/3/2022 03:39,29/3/2022 21:11,30/3/2022 13:00,4/4/2022 13:40
45,Carta Blanca,18/3/2023 09:01,18/3/2023 20:28,19/3/2023 12:00,23/3/2023 13:07
45,Sol,6/3/2023 10:48,7/3/2023 05:47,8/3/2023 09:00,12/3/2023 06:00
45,Sol,15/6/2023 03:41,15/6/2023 22:53,16/6/2023 14:00,21/6/2023 01:15
45,Tecate,18/4/2022 09:33,19/4/2022 04:13,20/4/2022 04:00,24/4/2022 17:00
45,Tecate Light,13/1/2022 01:55,13/1/2022 22:46,14/1/2022 15:50,19/1/2022 01:00
45,Tecate Light,10/2/2022 23:16,11/2/2022 21:52,12/2/2022 12:00,18/2/2022 02:00
45,Tecate Light,4/3/2022 16:30,5/3/2022 04:52,6/3/2022 04:30,11/3/2022 06:30
45,Tecate Light,29/4/2022 20:28,30/4/2022 09:50,1/5/2022 01:00,5/5/2022 23:45
45,Tecate Light,17/6/2022 15:11,18/6/2022 02:14,18/6/2022 19:30,22/6/2022 08:30
45,Tecate Light,8/7/2022 14:48,9/7/2022 06:17,10/7/2022 02:30,15/7/2022 17:00
45,Tecate Light,11/9/2022 02:01,11/9/2022 11:08,12/9/2022 05:15,17/9/2022 10:00
45,Tecate Light,1/11/2022 14:37,2/11/2022 06:44,3/11/2022 00:30,8/11/2022 20:30
45,Tecate Light,14/11/2022 06:49,14/11/2022 17:25,15/11/2022 15:30,20/11/2022 18:00
45,Tecate Light,20/5/2023 20:46,21/5/2023 10:32,22/5/2023 02:00,27/5/2023 09:30
45,Tecate Light,3/6/2023 10:32,3/6/2023 21:18,4/6/2023 16:30,9/6/2023 15:00
45,TTKL,25/4/2023 00:31,25/4/2023 10:41,26/4/2023 01:00,1/5/2023 06:00
46,Amstel Utra,3/5/2023 23:36,4/5/2023 13:25,5/5/2023 06:00,10/5/2023 12:00
46,Carta Blanca,25/9/2022 05:06,25/9/2022 16:51,26/9/2022 08:00,30/9/2022 18:00
46,Tecate,30/6/2022 21:05,1/7/2022 08:11,1/7/2022 23:15,8/7/2022 18:00
46,Tecate Light,19/3/2022 09:23,19/3/2022 20:42,20/3/2022 11:45,25/3/2022 03:45
46,Tecate Light,6/4/2022 05:39,6/4/2022 16:14,7/4/2022 18:00,12/4/2022 21:00
46,Tecate Light,13/5/2022 17:55,,14/5/2022 23:20,19/5/2022 05:00
46,Tecate Light,25/5/2022 12:32,26/5/2022 00:42,26/5/2022 15:42,2/6/2022 02:00
46,Tecate Light,12/6/2022 03:08,12/6/2022 18:20,13/6/2022 16:00,16/6/2022 18:30
46,Tecate Light,13/7/2022 15:01,14/7/2022 03:32,15/7/2022 01:30,19/7/2022 05:26
46,Tecate Light,22/8/2022 00:47,22/8/2022 10:59,23/8/2022 07:00,28/3/2022 15:00
46,Tecate Light,2/9/2022 18:27,3/9/2022 02:13,4/9/2022 00:30,9/9/2022 04:00
46,Tecate Light,14/9/2022 15:01,14/9/2022 23:16,15/9/2022 18:00,20/9/2022 19:45
46,Tecate Light,5/10/2022 18:34,6/10/2022 04:10,6/10/2022 17:20,
46,Tecate Light,17/10/2022 13:41,18/10/2022 05:00,18/10/2022 20:00,24/10/2022 05:00
46,Tecate Light,29/10/2022 20:51,30/10/2022 06:04,30/10/2022 17:10,5/11/2022 18:00
46,Tecate Light,9/11/2022 23:05,10/11/2022 17:36,11/11/2022 09:00,15/11/2022 02:50
46,Tecate Light,29/12/2022 08:01,30/12/2022 17:18,30/12/2022 06:00,4/1/2023 17:00
46,Tecate Light,21/4/2023 10:03,21/4/2023 22:20,23/4/2023 04:48,28/4/2023 18:00
46,Tecate Light,16/5/2023 14:39,17/5/2023 07:39,18/5/2023 02:20,
46,Tecate Light,29/5/2023 12:57,30/5/2023 07:39,30/5/2023 23:00,4/6/2023 23:00
46,Tecate Light,10/6/2023 20:46,11/6/2023 05:48,12/6/2023 05:00,
47,Sol,18/7/2022 14:17,19/7/2022 09:38,20/7/2022 03:40,23/7/2022 05:00
47,Tecate Light,15/1/2022 18:33,16/1/2022 11:39,17/1/2022 04:50,22/1/2022 12:00
47,Tecate Light,5/3/2022 13:20,6/3/2022 00:47,6/3/2022 15:40,12/3/2022 00:00
47,Tecate Light,17/3/2022 16:25,18/3/2022 10:15,19/3/2022 04:00,22/3/2022 23:10
47,Tecate Light,4/5/2022 19:44,5/5/2022 11:26,6/5/2021 08:40,10/5/2022 06:00
47,Tecate Light,20/5/2022 19:14,21/5/2022 08:03,22/5/2022 02:10,28/5/2022 17:00
47,Tecate Light,24/6/2022 15:21,25/6/2022 03:37,25/6/2022 19:00,30/6/2022 02:45
47,Tecate Light,7/7/2022 05:12,7/7/2022 14:09,8/7/2022 10:20,12/7/2022 03:46
47,Tecate Light,6/8/2022 00:48,6/8/2022 09:51,7/8/2022 06:20,8/12/2022 17:00
47,Tecate Light,25/8/2022 15:48,26/8/2022 07:11,27/8/2022 02:00,1/9/2022 14:00
47,Tecate Light,6/9/2022 04:29,6/9/2022 22:13,9/7/2022 13:00,12/9/2022 23:28
47,Tecate Light,26/9/2022 19:07,27/9/2022 03:55,27/9/2022 22:50,3/10/2022 00:00
47,Tecate Light,8/10/2022 12:30,9/10/2022 04:30,9/10/2022 19:00,15/10/2022 10:00
47,Tecate Light,7/11/2022 02:36,7/11/2022 11:38,8/11/2022 02:40,13/11/2022 15:00
47,Tecate Light,17/11/2022 15:02,18/11/2022 21:13,18/11/2022 23:00,24/11/2022 18:00
47,Tecate Light,1/12/2022 13:31,2/12/2022 00:11,5/12/2022 07:00,9/12/2022 00:00
47,Tecate Light,13/12/2022 07:17,13/12/2022 21:48,13/12/2022 08:00,20/12/2022 04:00
47,Tecate Light,26/12/2022 06:31,26/12/2022 19:10,27/12/2022 10:00,1/1/2023 10:30
47,Tecate Light,8/1/2023 11:13,8/1/2023 20:30,9/1/2023 16:30,15/1/2023 06:00
47,Tecate Light,19/5/2023 17:10,20/5/2023 02:58,20/5/2023 19:00,25/5/2023 08:11
48,Sol,27/3/2022 20:32,28/3/2022 11:05,29/3/2022 02:00,3/4/2022 11:20
48,Sol,12/11/2022 07:14,12/11/2022 16:11,13/11/2022 10:30,18/11/2022 18:00
48,Sol,31/3/2023 18:05,1/4/2023 06:39,2/4/2023 00:00,6/4/2023 12:00
48,Tecate,17/3/2022 02:49,17/3/2022 11:28,18/3/2022 08:30,21/3/2022 23:11
48,Tecate Light,6/2/2022 23:44,7/2/2022 12:50,9/2/2022 04:30,
48,Tecate Light,8/4/2022 23:50,9/4/2022 09:22,10/4/2022 01:00,14/4/2022 03:42
48,Tecate Light,20/4/2022 17:32,21/4/2022 03:38,22/4/2022 06:20,25/4/2022 23:00
48,Tecate Light,1/5/2022 23:52,2/5/2022 09:26,3/5/2022 01:30,10/5/2022 01:00
48,Tecate Light,17/5/2022 19:34,18/5/2022 06:43,18/5/2022 23:45,24/5/2022 06:30
48,Tecate Light,29/5/2022 03:30,29/5/2022 13:55,30/5/2022 04:00,4/6/2022 18:00
48,Tecate Light,9/6/2022 09:29,9/6/2022 21:18,10/6/2022 12:30,15/6/2022 22:00
48,Tecate Light,20/6/2022 13:13,21/6/2022 00:52,21/6/2022 15:00,28/6/2022 01:00
48,Tecate Light,19/7/2022 23:36,20/7/2022 13:59,21/7/2022 05:00,24/7/2022 18:28
48,Tecate Light,3/9/2022 22:24,4/9/2022 09:22,5/9/2022 05:30,10/9/2022 12:00
48,Tecate Light,25/11/2022 07:54,26/11/2022 01:23,26/11/2022 16:30,2/12/2022 03:10
48,Tecate Light,7/12/2022 04:22,7/12/2022 15:42,8/12/2022 07:40,14/12/2022 18:00
49,Sol,26/6/2022 19:45,27/6/2022 05:00,27/6/2022 22:00,3/7/2022 06:00
49,Tecate Light,7/4/2022 03:22,8/4/2022 14:21,9/4/2022 09:40,13/4/2022 20:52
49,Tecate Light,10/5/2022 02:20,10/5/2022 12:14,11/5/2022 07:15,15/5/2022 03:23
49,Tecate Light,21/5/2022 17:35,22/5/2022 05:46,23/5/2022 00:10,29/5/2022 16:00
49,Tecate Light,1/6/2022 14:55,2/6/2022 02:53,2/6/2022 02:00,6/6/2022 18:00
49,Tecate Light,13/6/2022 03:03,13/6/2022 12:09,13/6/2022 17:30,17/6/2022 18:45
49,Tecate Light,21/7/2022 17:56,22/7/2022 04:21,22/7/2022 19:21,28/7/2022 17:00
49,Tecate Light,12/8/2022 08:58,12/8/2022 20:33,13/8/2022 11:30,18/8/2022 02:30
49,Tecate Light,24/8/2022 05:30,24/8/2022 21:29,25/8/2022 13:00,30/8/2022 21:00
49,Tecate Light,4/9/2022 07:10,4/9/2022 16:54,5/9/2022 13:00,11/9/2022 05:20
49,Tecate Light,18/9/2022 01:22,18/9/2002 11:11,19/9/2022 02:20,25/9/2022 05:00
49,Tecate Light,29/9/2022 07:05,30/9/2022 06:53,29/9/2022 22:00,6/10/2022 11:34
49,Tecate Light,10/10/2022 08:57,10/10/2022 17:45,11/10/2022 08:00,17/10/2022 17:00
49,Tecate Light,21/11/2022 04:00,21/11/2022 17:52,22/11/2022 17:00,28/11/2022 06:00
49,Tecate Light,4/12/2022 06:16,4/12/2022 17:25,5/12/2022 08:00,
49,Tecate Light,30/3/2023 04:35,31/3/2023 02:13,31/3/2023 18:40,5/4/2023 18:00
49,Tecate Light,17/4/2023 00:03,17/4/2023 18:15,18/4/2023 10:00,22/4/2023 11:30
49,Tecate Light,28/4/2023 21:28,29/4/2023 06:40,30/4/2023 01:30,5/7/2023 06:00
49,Tecate Light,13/5/2023 07:27,13/5/2023 16:06,14/5/2023 13:00,17/5/2023 11:00
50,Amstel Utra,13/2/2022 09:32,13/2/2022 20:58,15/2/2022 00:20,18/2/2022 03:50
50,Amstel Utra,16/6/2022 12:44,,18/6/2022 05:42,22/6/2022 06:15
50,Amstel Utra,29/6/2022 09:23,29/6/2022 15:00,29/6/2022 16:00,4/7/2022 04:51
50,Amstel Utra,29/7/2022 01:53,29/7/2022 07:09,29/7/2022 21:00,
50,Amstel Utra,11/8/2022 16:30,11/8/2022 19:33,12/8/2022 20:00,16/8/2022 03:00
50,Amstel Utra,13/9/2022 02:27,13/9/2022 08:31,14/9/2022 03:00,17/9/2022 10:00
50,Amstel Utra,6/11/2022 09:08,6/11/2022 16:41,7/11/2022 16:00,12/11/2022 18:00
50,Amstel Utra,3/2/2023 00:41,3/2/2023 09:51,4/2/2023 11:00,9/2/2023 06:00
50,Amstel Utra,16/2/2023 01:37,16/2/2023 12:19,17/2/2023 20:00,22/2/2023 05:00
50,Amstel Utra,3/4/2023 17:56,4/4/2023 03:23,4/4/2023 22:00,6/4/2023 12:00
50,Amstel Utra,19/4/2023 02:48,19/4/2023 09:30,20/4/2023 02:00,23/4/2023 01:00
50,Amstel Utra,9/5/2023 12:45,9/5/2023 18:04,9/5/2023 19:00,14/5/2023 06:20
50,Amstel Utra,31/5/2023 21:32,1/6/2023 02:09,1/6/2023 21:00,7/6/2023 06:00
50,Coors Light,29/3/2022 01:18,30/3/2022 07:46,30/3/2022 13:00,3/4/2022 07:10
50,Miller,13/3/2022 19:57,14/3/2022 03:28,14/3/2022 18:30,20/3/2022 01:16
50,Miller,26/4/2022 05:17,26/4/2022 10:47,27/4/2022 02:00,30/4/2022 07:35
50,Miller,11/5/2022 22:23,12/5/2022 03:06,12/5/2022 18:00,17/5/2022 00:10
50,Miller,24/5/2022 10:06,24/5/2022 14:11,25/5/2022 08:15,29/5/2022 16:54
50,Miller,11/7/2022 16:27,11/7/2022 23:34,12/7/2022 21:00,16/7/2022 15:00
50,Miller,21/8/2022 14:33,22/8/2022 16:30,22/8/2022 19:30,27/8/2022 10:50
50,Miller,21/11/2022 15:41,21/11/2022 22:48,22/11/2022 14:50,28/11/2022 06:00
50,Tecate,23/3/2023 21:50,24/3/2023 05:41,25/3/2023 02:00,28/3/2023 17:00
50,Tecate Light,28/1/2022 21:25,29/1/2022 01:48,30/1/2022 17:40,3/2/2022 14:00
50,Tecate Light,7/4/2022 17:32,8/4/2022 14:21,8/4/2022 06:00,4/12/2022 14:04
50,Tecate Light,22/6/2023 00:08,22/6/2023 04:30,22/6/2023 19:30,26/6/2023 22:43
