,date(dd/mm/yyyy),date(yyyy-mm-dd),co2_flow(l),Amstel_Utra_prop_volume(l),Amstel_Utra_prop_age(minutes),Carta_Blanca_prop_volume(l),Carta_Blanca_prop_age(minutes),Coors_Light_prop_volume(l),Coors_Light_prop_age(minutes),Miller_prop_volume(l),Miller_prop_age(minutes),Sol_prop_volume(l),Sol_prop_age(minutes),Tecate_prop_volume(l),Tecate_prop_age(minutes),Tecate_Light_prop_volume(l),Tecate_Light_prop_age(minutes),RIZZOS_prop_volume(l),RIZZOS_prop_age(minutes),Bohemia_prop_volume(l),Bohemia_prop_age(minutes),Noche_Buena_prop_volume(l),Noche_Buena_prop_age(minutes)
0,02/08/2022 ,2022-08-02,129747.00338403456,0.0,0.0,6800.0,1726.0,0.0,0.0,6800.0,1862.0,13600.0,3083.0,6800.0,1433.0,12700.0,-84574.0,0.0,0.0,0.0,0.0,0.0,0.0
1,03/08/2022 ,2022-08-03,130395.31689309455,0.0,0.0,6800.0,1726.0,0.0,0.0,6800.0,1862.0,13600.0,3083.0,6800.0,1433.0,12700.0,-84574.0,0.0,0.0,0.0,0.0,0.0,0.0
2,04/08/2022 ,2022-08-04,129962.13134387924,0.0,0.0,8500.0,1209.0,0.0,0.0,6800.0,1862.0,13600.0,3083.0,6091.666666666667,1358.0,12700.0,-84574.0,0.0,0.0,0.0,0.0,0.0,0.0
3,05/08/2022 ,2022-08-05,130724.68592029813,0.0,0.0,13600.0,1749.0,0.0,0.0,0.0,0.0,18983.333333333332,4300.0,0.0,0.0,12700.0,-84574.0,0.0,0.0,0.0,0.0,0.0,0.0
4,06/08/2022 ,2022-08-06,130556.29434382601,0.0,0.0,13600.0,1749.0,991.6666666666667,120.0,0.0,0.0,18133.333333333332,4210.0,4958.333333333333,946.0,12700.0,-84574.0,0.0,0.0,0.0,0.0,0.0,0.0
5,07/08/2022 ,2022-08-07,130053.9125192948,0.0,0.0,13600.0,1749.0,8345.833333333334,1585.0,0.0,0.0,17000.0,3764.0,6800.0,1141.0,19030.555555555555,-82815.0,0.0,0.0,0.0,0.0,0.0,0.0
6,08/08/2022 ,2022-08-08,129386.92325371224,341.66666666666663,717.0,13600.0,1749.0,8900.0,1775.0,0.0,0.0,25830.555555555555,5868.0,8216.666666666666,2357.0,25975.0,-81605.0,0.0,0.0,0.0,0.0,0.0,0.0
7,09/08/2022 ,2022-08-09,130031.15319184976,4100.0,1377.0,13600.0,1749.0,8900.0,1775.0,5383.333333333333,1191.0,25122.222222222223,5793.0,13600.0,2927.0,28100.0,-81380.0,0.0,0.0,0.0,0.0,0.0,0.0
8,10/08/2022 ,2022-08-10,130726.55903931838,4100.0,1377.0,7933.333333333333,1149.0,8900.0,1775.0,6800.0,1341.0,20400.0,4646.0,13600.0,2927.0,34706.38888888889,-76252.5,0.0,0.0,0.0,0.0,3762.5,4161.0
9,11/08/2022 ,2022-08-11,130240.01902757814,4100.0,1377.0,6800.0,1726.0,7010.0,1127.0,6800.0,1341.0,19748.333333333332,4577.0,7805.833333333333,2313.5,56669.444444444445,-69217.0,0.0,0.0,0.0,0.0,4200.0,4311.0
10,12/08/2022 ,2022-08-12,130433.24110010719,4783.333333333333,2964.0,11333.333333333332,3642.0,141.66666666666666,30.0,6800.0,1341.0,7593.333333333333,2696.0,10625.0,3276.0,68900.0,-67922.0,0.0,0.0,0.0,0.0,4200.0,4311.0
11,13/08/2022 ,2022-08-13,130166.55163286209,8200.0,3564.0,13600.0,3882.0,0.0,0.0,6800.0,1341.0,9066.666666666666,2410.0,7933.333333333333,2991.0,75954.16666666667,-65547.0,0.0,0.0,0.0,0.0,4200.0,4311.0
12,14/08/2022 ,2022-08-14,130566.67886128814,7146.527777777777,3379.0,18416.666666666668,5471.0,0.0,0.0,1133.3333333333333,741.0,13600.0,2890.0,6800.0,1805.0,79300.0,-65817.0,0.0,0.0,0.0,0.0,3120.8333333333335,3941.0
13,15/08/2022 ,2022-08-15,129914.55707795994,4100.0,2187.0,20400.0,5681.0,0.0,0.0,1808.3333333333335,90594.0,14025.0,3917.0,6800.0,1805.0,72044.72222222222,-64728.0,0.0,0.0,0.0,0.0,0.0,0.0
14,16/08/2022 ,2022-08-16,130807.18278713894,512.5,1557.0,14549.166666666666,5061.5,0.0,0.0,2100.0,90694.0,20400.0,4592.0,4816.666666666667,1595.0,58816.666666666664,-72534.0,0.0,0.0,0.0,0.0,0.0,0.0
15,17/08/2022 ,2022-08-17,129727.6110572526,0.0,0.0,7824.722222222223,2913.5,0.0,0.0,962.5,90304.0,17566.666666666668,4292.0,0.0,0.0,67805.55555555556,-71415.5,0.0,0.0,0.0,0.0,0.0,0.0
16,18/08/2022 ,2022-08-18,129689.45506794064,0.0,0.0,6800.0,1726.0,0.0,0.0,0.0,0.0,13600.0,3145.0,0.0,0.0,62983.33333333333,-70832.5,0.0,0.0,0.0,0.0,0.0,0.0
17,19/08/2022 ,2022-08-19,130306.63033153181,768.75,1336.0,8358.333333333334,3402.0,0.0,0.0,0.0,0.0,20116.666666666668,5280.0,3447.222222222222,2003.0,63180.55555555556,-71657.0,0.0,0.0,0.0,0.0,0.0,0.0
18,20/08/2022 ,2022-08-20,129171.64137127437,4100.0,1921.0,13600.0,3957.0,0.0,0.0,0.0,0.0,15300.0,4770.0,18180.555555555555,8399.0,42783.194444444445,-75662.0,0.0,0.0,0.0,0.0,0.0,0.0
19,21/08/2022 ,2022-08-21,131563.18344554905,4100.0,1921.0,15134.722222222223,5089.5,0.0,0.0,0.0,0.0,20966.666666666668,6752.0,34000.0,10074.0,31500.0,-78811.0,0.0,0.0,0.0,0.0,0.0,0.0
20,22/08/2022 ,2022-08-22,130697.83420482093,4100.0,1921.0,20400.0,5647.0,0.0,0.0,768.75,315.0,21816.666666666668,6842.0,39241.66666666667,11499.0,22008.333333333332,-81350.0,0.0,0.0,0.0,0.0,0.0,0.0
21,23/08/2022 ,2022-08-23,130672.02270708069,4100.0,1921.0,18700.0,5467.0,0.0,0.0,4100.0,900.0,20966.666666666668,5726.0,40800.0,11664.0,33041.666666666664,-78222.0,0.0,0.0,0.0,0.0,0.0,0.0
22,24/08/2022 ,2022-08-24,128918.6835266374,4100.0,1921.0,13600.0,3416.0,0.0,0.0,4100.0,900.0,27200.0,6386.0,36833.333333333336,11244.0,44066.666666666664,-76069.0,0.0,0.0,0.0,0.0,0.0,0.0
23,25/08/2022 ,2022-08-25,129713.04336713717,1231.9444444444446,2290.0,13600.0,3416.0,0.0,0.0,4100.0,900.0,16433.333333333332,5246.0,16433.333333333332,6542.0,54241.66666666667,-74148.0,0.0,0.0,0.0,0.0,0.0,0.0
24,26/08/2022 ,2022-08-26,130113.97172002065,6800.0,1619.0,11786.666666666666,3224.0,0.0,0.0,4100.0,900.0,11361.666666666666,2967.0,18275.0,5360.0,58900.0,-73758.0,0.0,0.0,0.0,0.0,0.0,0.0
25,27/08/2022 ,2022-08-27,130757.04186059159,6800.0,1619.0,6800.0,1726.0,5666.666666666667,1987.0,1850.6944444444446,505.0,6800.0,1443.0,18700.0,5405.0,69798.19444444444,-70847.0,0.0,0.0,0.0,0.0,0.0,0.0
26,28/08/2022 ,2022-08-28,130411.1819820763,6800.0,1619.0,6800.0,1726.0,6800.0,2107.0,0.0,0.0,9916.666666666666,3594.0,13600.0,3995.0,71406.94444444444,-70113.0,0.0,0.0,0.0,0.0,0.0,0.0
27,29/08/2022 ,2022-08-29,130300.990508129,4816.666666666667,1409.0,11191.666666666668,3913.0,6800.0,2107.0,0.0,0.0,19366.666666666668,7366.0,13600.0,3995.0,67783.33333333333,-71209.0,0.0,0.0,0.0,0.0,0.0,0.0
28,30/08/2022 ,2022-08-30,129860.96077956338,0.0,0.0,20400.0,4888.0,6516.666666666667,2077.0,0.0,0.0,19800.0,7486.0,16291.666666666668,5201.0,66425.0,-72402.0,0.0,0.0,0.0,0.0,0.0,0.0
29,31/08/2022 ,2022-08-31,129906.91653554692,0.0,0.0,20400.0,4888.0,0.0,0.0,425.0,2702.0,17991.666666666668,7066.0,13600.0,3999.0,67990.27777777778,-70801.5,0.0,0.0,0.0,0.0,0.0,0.0
30,01/09/2022 ,2022-09-01,129124.59310125693,0.0,0.0,14733.333333333334,4288.0,0.0,0.0,6800.0,3377.0,10766.666666666668,3684.0,13600.0,3999.0,70008.33333333334,-68398.0,0.0,0.0,0.0,0.0,0.0,0.0
31,02/09/2022 ,2022-09-02,128926.5222123897,0.0,0.0,6800.0,1726.0,0.0,0.0,6800.0,3377.0,13741.666666666666,342998.0,13741.666666666668,5040.0,52891.66666666667,-73421.0,0.0,0.0,0.0,0.0,0.0,0.0
32,03/09/2022 ,2022-09-03,130826.99351125506,0.0,0.0,10483.333333333332,3135.0,0.0,0.0,6800.0,3377.0,20400.0,343703.0,18322.222222222223,5525.0,55300.0,-73166.0,0.0,0.0,0.0,0.0,0.0,0.0
33,04/09/2022 ,2022-09-04,130153.8354765012,0.0,0.0,13600.0,3465.0,0.0,0.0,1227.7777777777778,2787.0,20400.0,343703.0,13600.0,4104.0,61954.72222222222,-69557.0,0.0,0.0,0.0,0.0,0.0,0.0
34,05/09/2022 ,2022-09-05,129629.82823175417,0.0,0.0,13600.0,3465.0,0.0,0.0,0.0,0.0,20400.0,343703.0,13600.0,4104.0,67888.88888888888,-68097.5,0.0,0.0,0.0,0.0,0.0,0.0
35,06/09/2022 ,2022-09-06,130273.70517575133,0.0,0.0,17566.666666666668,4931.0,0.0,0.0,0.0,0.0,19833.333333333332,345155.0,12466.666666666666,5181.0,70716.66666666667,-69976.0,0.0,0.0,0.0,0.0,0.0,0.0
36,07/09/2022 ,2022-09-07,130396.40700307312,0.0,0.0,20400.0,5231.0,0.0,0.0,0.0,0.0,13600.0,3675.0,13600.0,4275.0,69300.0,-71755.0,0.0,0.0,0.0,0.0,0.0,0.0
37,08/09/2022 ,2022-09-08,129090.61973599062,0.0,0.0,13883.333333333332,4541.0,0.0,0.0,0.0,0.0,18133.333333333332,5905.0,13600.0,4275.0,80655.55555555555,-68591.0,0.0,0.0,0.0,0.0,0.0,0.0
38,09/09/2022 ,2022-09-09,129402.00660461457,0.0,0.0,15866.666666666668,5077.0,0.0,0.0,0.0,0.0,26916.666666666668,6835.0,13600.0,4275.0,64416.66666666667,-70051.0,0.0,0.0,0.0,0.0,0.0,0.0
39,10/09/2022 ,2022-09-10,129307.7283797633,0.0,0.0,18983.333333333332,4966.0,0.0,0.0,0.0,0.0,20400.0,4633.0,13009.722222222223,4212.5,49600.0,-75597.0,0.0,0.0,0.0,0.0,0.0,0.0
40,11/09/2022 ,2022-09-11,130986.89517885575,0.0,0.0,27105.555555555555,6917.0,0.0,0.0,0.0,0.0,20400.0,4633.0,6800.0,2358.0,49802.777777777774,-75263.0,0.0,0.0,0.0,0.0,0.0,0.0
41,12/09/2022 ,2022-09-12,130277.8648646014,0.0,0.0,27200.0,6927.0,0.0,0.0,0.0,0.0,20400.0,4633.0,6800.0,2358.0,59783.75,-72613.5,0.0,0.0,0.0,0.0,0.0,0.0
42,13/09/2022 ,2022-09-13,129443.11891185498,0.0,0.0,33244.444444444445,8536.0,0.0,0.0,283.3333333333333,1298.0,11130.277777777777,3651.5,6800.0,2358.0,53516.66666666667,11268.0,0.0,0.0,0.0,0.0,0.0,0.0
43,14/09/2022 ,2022-09-14,130283.25744082525,3587.5,1739.0,21675.0,7311.0,7308.333333333333,2416.0,6800.0,1988.0,6800.0,1443.0,6800.0,2358.0,51380.555555555555,12164.0,0.0,0.0,0.0,0.0,0.0,0.0
44,15/09/2022 ,2022-09-15,128865.60808283642,4100.0,1829.0,13883.333333333334,4050.0,9000.0,2656.0,6800.0,1988.0,6800.0,1443.0,6800.0,2358.0,63395.27777777778,15561.5,0.0,0.0,0.0,0.0,0.0,0.0
45,16/09/2022 ,2022-09-16,129302.65904047433,4100.0,1829.0,13600.0,3415.0,9000.0,2656.0,6800.0,1988.0,6800.0,1443.0,6800.0,2358.0,65028.61111111111,14683.5,0.0,0.0,0.0,0.0,0.0,0.0
46,17/09/2022 ,2022-09-17,129997.03086981951,1708.3333333333335,1409.0,9633.333333333334,2995.0,3750.0,1816.0,3241.666666666667,2779.0,6800.0,1443.0,8557.638888888889,964.0,53783.33333333333,59071.0,0.0,0.0,0.0,0.0,0.0,0.0
47,18/09/2022 ,2022-09-18,129762.95177004307,0.0,0.0,10129.166666666666,3256.5,0.0,0.0,2100.0,1791.0,6800.0,1443.0,22704.166666666664,10523907.5,45218.055555555555,55342.5,0.0,0.0,0.0,0.0,0.0,0.0
48,19/09/2022 ,2022-09-19,130199.17044912624,0.0,0.0,13600.0,3624.0,0.0,0.0,2100.0,1791.0,6800.0,1443.0,29055.555555555555,10525915.0,48613.88888888889,10574726.0,0.0,0.0,0.0,0.0,0.0,0.0
49,20/09/2022 ,2022-09-20,129695.32909233037,0.0,0.0,14733.333333333332,4729.0,0.0,0.0,2100.0,1791.0,6800.0,1443.0,41283.33333333333,10528528.0,35531.25,10572307.0,0.0,0.0,0.0,0.0,0.0,0.0
50,21/09/2022 ,2022-09-21,129025.63732649099,0.0,0.0,18841.666666666668,5164.0,0.0,0.0,1995.0,1755.0,6800.0,1443.0,48338.333333333336,10532389.0,26631.25,10569583.5,0.0,0.0,0.0,0.0,0.0,0.0
51,22/09/2022 ,2022-09-22,129614.33801393701,0.0,0.0,13600.0,3431.0,0.0,0.0,0.0,0.0,6800.0,1443.0,43700.27777777778,13122.5,36086.11111111111,10525550.0,0.0,0.0,0.0,0.0,0.0,0.0
52,23/09/2022 ,2022-09-23,130647.7396649646,0.0,0.0,13600.0,3431.0,0.0,0.0,0.0,0.0,6800.0,1443.0,41183.33333333333,11871.0,36700.0,10525615.0,0.0,0.0,0.0,0.0,0.0,0.0
53,24/09/2022 ,2022-09-24,130195.3706344858,0.0,0.0,13600.0,3431.0,0.0,0.0,0.0,0.0,6941.666666666667,2233.0,35800.0,9966.0,42225.0,10527975.0,0.0,0.0,0.0,0.0,0.0,0.0
54,25/09/2022 ,2022-09-25,129870.29146732835,0.0,0.0,13600.0,3431.0,0.0,0.0,0.0,0.0,18700.0,4236.0,30125.0,10906.0,43491.666666666664,10528260.0,0.0,0.0,0.0,0.0,0.0,0.0
55,26/09/2022 ,2022-09-26,129424.06786116016,0.0,0.0,13950.0,4250.0,0.0,0.0,2266.6666666666665,1013.0,20400.0,4416.0,21816.666666666668,6425.0,41700.0,8001.0,0.0,0.0,0.0,0.0,0.0,0.0
56,27/09/2022 ,2022-09-27,130207.56286744187,0.0,0.0,15400.0,3355.0,0.0,0.0,6800.0,1493.0,20400.0,4416.0,20400.0,5188.0,40063.88888888889,10290.5,0.0,0.0,0.0,0.0,0.0,0.0
57,28/09/2022 ,2022-09-28,129478.00723640157,2220.833333333333,416.0,15400.0,3355.0,0.0,0.0,6800.0,1493.0,20192.222222222223,4394.0,20400.0,5188.0,46057.5,10927.0,0.0,0.0,0.0,0.0,0.0,0.0
58,29/09/2022 ,2022-09-29,129515.34488963553,4100.0,746.0,19933.333333333332,5822.0,0.0,0.0,6800.0,1493.0,19068.333333333332,4770.0,16532.5,3973.5,40150.0,8672.0,0.0,0.0,0.0,0.0,0.0,0.0
59,30/09/2022 ,2022-09-30,129547.38380620825,4100.0,746.0,26850.0,6602.0,0.0,0.0,5100.0,1313.0,13600.0,3433.0,13600.0,2273.0,43500.0,7972.0,0.0,0.0,0.0,0.0,0.0,0.0
60,01/10/2022 ,2022-10-01,129547.72502178299,4100.0,746.0,20400.0,5153.0,0.0,0.0,0.0,0.0,13600.0,3433.0,13600.0,2273.0,47200.0,10496.0,0.0,0.0,0.0,0.0,0.0,0.0
61,02/10/2022 ,2022-10-02,129648.94757342739,4100.0,746.0,20400.0,5153.0,0.0,0.0,0.0,0.0,16858.333333333332,6213.0,13600.0,2273.0,57200.0,12336.0,0.0,0.0,0.0,0.0,0.0,0.0
62,03/10/2022 ,2022-10-03,130009.4773074843,4100.0,746.0,25075.0,6562.0,0.0,0.0,2100.0,1303.0,21816.666666666664,6738.0,13600.0,2273.0,43500.0,7619.0,0.0,0.0,733.3333333333333,2217.0,0.0,0.0
63,04/10/2022 ,2022-10-04,129299.61532204048,4100.0,746.0,16433.333333333332,5647.0,2550.0,990.0,4200.0,2023.0,20400.0,5318.0,13600.0,2273.0,43500.0,7619.0,0.0,0.0,2200.0,2697.0,0.0,0.0
64,05/10/2022 ,2022-10-05,129996.94005267698,1119.4444444444443,2383.0,13600.0,3360.0,6800.0,1440.0,4200.0,2023.0,20400.0,5318.0,11710.833333333332,2949.0,44869.444444444445,8740.0,0.0,0.0,2200.0,2697.0,0.0,0.0
65,06/10/2022 ,2022-10-06,130647.04200683806,6800.0,2887.0,13600.0,3360.0,6800.0,1440.0,4200.0,2023.0,16353.055555555555,4889.5,15400.0,4048.0,47766.66666666667,10938.5,0.0,0.0,895.2777777777778,2270.0,0.0,0.0
66,07/10/2022 ,2022-10-07,130233.43378328094,6800.0,2887.0,13600.0,3360.0,6800.0,1440.0,4200.0,2023.0,13600.0,3375.0,15400.0,4048.0,34533.333333333336,8136.0,0.0,0.0,0.0,0.0,0.0,0.0
67,08/10/2022 ,2022-10-08,129308.52240571998,6800.0,2887.0,8896.666666666666,3836.0,6800.0,1440.0,4200.0,2023.0,12306.111111111111,4022.0,15400.0,4048.0,33100.0,7097.0,0.0,0.0,0.0,0.0,0.0,0.0
68,09/10/2022 ,2022-10-09,129994.9781057079,4816.666666666667,2677.0,13600.0,3420.0,4816.666666666667,1230.0,4487.5,2257.0,16962.222222222223,3303.0,20783.333333333332,5232.0,36020.277777777774,8230.5,0.0,0.0,0.0,0.0,0.0,0.0
69,10/10/2022 ,2022-10-10,130077.12850404494,0.0,0.0,13600.0,3420.0,0.0,0.0,4100.0,1284.0,20400.0,3667.0,22200.0,5382.0,37166.666666666664,9197.0,0.0,0.0,0.0,0.0,0.0,0.0
70,11/10/2022 ,2022-10-11,130483.21706413102,0.0,0.0,13600.0,3420.0,0.0,0.0,4100.0,1284.0,21816.666666666664,4874.0,13600.0,3692.0,46583.33333333333,9449.0,0.0,0.0,0.0,0.0,0.0,0.0
71,12/10/2022 ,2022-10-12,129585.32309559909,0.0,0.0,18416.666666666668,5730.0,0.0,0.0,4100.0,1284.0,27200.0,5444.0,9775.0,4251.0,50300.0,9779.0,0.0,0.0,0.0,0.0,0.0,0.0
72,13/10/2022 ,2022-10-13,129970.43725016365,0.0,0.0,20400.0,4966.0,0.0,0.0,4100.0,1284.0,23091.666666666664,5009.0,13600.0,4042.0,55794.444444444445,11144.0,0.0,0.0,0.0,0.0,0.0,0.0
73,14/10/2022 ,2022-10-14,129677.36586952793,2880.5555555555557,937.0,20400.0,4966.0,0.0,0.0,3143.3333333333335,1116.0,17283.333333333332,3610.0,13600.0,4042.0,63537.222222222226,13101.0,0.0,0.0,0.0,0.0,0.0,0.0
74,15/10/2022 ,2022-10-15,130002.75157275093,6800.0,1352.0,17033.055555555555,4609.5,0.0,0.0,0.0,0.0,23233.333333333332,6308.0,13600.0,4042.0,48540.833333333336,12295.5,0.0,0.0,0.0,0.0,0.0,0.0
75,16/10/2022 ,2022-10-16,128725.05625085752,9350.0,2393.0,17425.0,4833.0,0.0,0.0,0.0,0.0,25216.666666666668,6518.0,11616.666666666668,3832.0,45167.77777777778,8734.0,0.0,0.0,0.0,0.0,0.0,0.0
76,17/10/2022 ,2022-10-17,130617.36567435427,13600.0,2843.0,20400.0,5148.0,0.0,0.0,0.0,0.0,20400.0,4951.0,6800.0,2358.0,41941.66666666667,9377.0,0.0,0.0,0.0,0.0,0.0,0.0
77,18/10/2022 ,2022-10-18,130291.03434368463,13600.0,2843.0,20400.0,5148.0,0.0,0.0,0.0,0.0,20400.0,4951.0,6800.0,2358.0,49041.66666666667,11421.0,0.0,0.0,0.0,0.0,0.0,0.0
78,19/10/2022 ,2022-10-19,129834.74103071261,8216.666666666666,2273.0,20400.0,5148.0,0.0,0.0,0.0,0.0,20400.0,4951.0,6800.0,2358.0,57144.44444444444,13357.0,0.0,0.0,0.0,0.0,0.0,0.0
79,20/10/2022 ,2022-10-20,129742.0070458599,3385.8333333333335,1129.5,15592.777777777777,4639.0,0.0,0.0,3116.6666666666665,1014.0,16716.666666666664,6073.0,6800.0,2358.0,54002.22222222222,12159.0,0.0,0.0,0.0,0.0,0.0,0.0
80,21/10/2022 ,2022-10-21,129355.92555240852,3502.083333333333,1368.0,13458.333333333332,3344.0,0.0,0.0,6800.0,1404.0,14728.611111111111,4782.5,6800.0,2358.0,44673.61111111111,10992.0,0.0,0.0,0.0,0.0,0.0,0.0
81,22/10/2022 ,2022-10-22,130224.365703355,4100.0,1473.0,13600.0,3359.0,0.0,0.0,6800.0,1404.0,13600.0,3675.0,12561.111111111111,3882.0,39745.0,10843.0,0.0,0.0,0.0,0.0,0.0,0.0
82,23/10/2022 ,2022-10-23,129860.9389161017,4100.0,1473.0,13600.0,3359.0,0.0,0.0,6800.0,1404.0,13600.0,3675.0,13600.0,3992.0,39853.61111111111,10992.5,0.0,0.0,0.0,0.0,0.0,0.0
83,24/10/2022 ,2022-10-24,129700.70702911983,4100.0,1473.0,13600.0,3359.0,0.0,0.0,6800.0,1404.0,13264.72222222222,4448.5,13600.0,3992.0,41691.666666666664,10252.0,0.0,0.0,0.0,0.0,0.0,0.0
84,25/10/2022 ,2022-10-25,129708.85203789345,4100.0,1473.0,16150.0,5202.0,8966.666666666668,5456.0,4533.333333333333,1164.0,13600.0,2972.0,16150.0,5413.0,39900.0,9202.0,0.0,0.0,0.0,0.0,0.0,0.0
85,26/10/2022 ,2022-10-26,130018.35951434875,4100.0,1473.0,13600.0,4019.0,15400.0,6836.0,0.0,0.0,13600.0,2972.0,13600.0,4229.0,46363.333333333336,11675.5,0.0,0.0,0.0,0.0,0.0,0.0
86,27/10/2022 ,2022-10-27,130223.74596078662,1025.0,933.0,13600.0,4019.0,15400.0,6836.0,0.0,0.0,13600.0,2972.0,13600.0,4229.0,57466.66666666667,13179.0,0.0,0.0,0.0,0.0,0.0,0.0
87,28/10/2022 ,2022-10-28,131205.86404343892,0.0,0.0,13600.0,4019.0,10910.416666666668,6041.0,0.0,0.0,12490.277777777777,3890.5,11970.833333333332,4056.5,56911.11111111111,11307.0,0.0,0.0,0.0,0.0,0.0,0.0
88,29/10/2022 ,2022-10-29,129731.90655791541,0.0,0.0,7730.277777777777,3397.5,1906.0416666666665,2539.5,0.0,0.0,19691.666666666668,4939.0,12726.388888888889,5288.5,47277.77777777778,7220.0,0.0,0.0,0.0,0.0,0.0,0.0
89,30/10/2022 ,2022-10-30,130801.22195139769,0.0,0.0,13316.666666666668,3595.0,0.0,0.0,0.0,0.0,20400.0,5014.0,20400.0,6101.0,40155.555555555555,6308.0,0.0,0.0,0.0,0.0,0.0,0.0
90,31/10/2022 ,2022-10-31,129823.89561278347,0.0,0.0,13600.0,3625.0,0.0,0.0,0.0,0.0,17344.722222222223,4690.5,20400.0,6101.0,33808.88888888889,6928.5,0.0,0.0,0.0,0.0,0.0,0.0
91,01/11/2022 ,2022-11-01,129490.90562965017,0.0,0.0,9916.666666666666,3235.0,0.0,0.0,0.0,0.0,22378.61111111111,6478.5,20400.0,6101.0,34900.0,7130.0,0.0,0.0,0.0,0.0,0.0,0.0
92,02/11/2022 ,2022-11-02,129950.5652315279,0.0,0.0,6800.0,1726.0,0.0,0.0,0.0,0.0,21816.666666666668,6419.0,22666.666666666668,7220.0,38583.33333333333,-34489.0,0.0,0.0,0.0,0.0,0.0,0.0
93,03/11/2022 ,2022-11-03,129773.12211991927,0.0,0.0,6800.0,1726.0,0.0,0.0,0.0,0.0,20400.0,5174.0,15016.666666666666,5318.0,53804.16666666666,-29995.0,0.0,0.0,0.0,0.0,0.0,0.0
94,04/11/2022 ,2022-11-04,130349.33735842328,0.0,0.0,6800.0,1726.0,0.0,0.0,0.0,0.0,20400.0,5174.0,13600.0,3957.0,67866.66666666667,-27876.0,0.0,0.0,0.0,0.0,0.0,0.0
95,05/11/2022 ,2022-11-05,130076.2665112973,0.0,0.0,6800.0,1726.0,0.0,0.0,0.0,0.0,16244.444444444445,7380.0,11097.222222222223,3692.0,57783.333333333336,-28896.0,0.0,0.0,0.0,0.0,0.0,0.0
96,06/11/2022 ,2022-11-06,129636.54068609205,2691.6666666666665,1191.0,6800.0,1726.0,0.0,0.0,0.0,0.0,20400.0,5529.0,6800.0,2358.0,48500.0,-32538.0,0.0,0.0,0.0,0.0,0.0,0.0
97,07/11/2022 ,2022-11-07,129977.0493677357,14848.611111111111,4884.5,6800.0,1726.0,0.0,0.0,0.0,0.0,20400.0,5529.0,6800.0,2358.0,47565.0,-31552.0,0.0,0.0,0.0,0.0,0.0,0.0
98,08/11/2022 ,2022-11-08,129647.9018844847,17700.0,5377.0,6800.0,1726.0,0.0,0.0,0.0,0.0,20475.555555555555,6749.0,6800.0,2358.0,51036.944444444445,-30439.0,0.0,0.0,0.0,0.0,0.0,0.0
99,09/11/2022 ,2022-11-09,130656.45828863085,17700.0,5377.0,7366.666666666667,2754.0,0.0,0.0,0.0,0.0,22666.666666666664,7266.0,10247.222222222223,4381.0,41700.0,-33773.0,4958.333333333333,238.0,0.0,0.0,0.0,0.0
100,10/11/2022 ,2022-11-10,129623.30531365867,15433.333333333332,5137.0,13600.0,3414.0,0.0,0.0,0.0,0.0,21816.666666666664,7176.0,13600.0,4736.0,45641.66666666667,-32449.0,6800.0,433.0,0.0,0.0,0.0,0.0
101,11/11/2022 ,2022-11-11,130794.14749871289,5233.333333333333,3151.0,13600.0,3414.0,0.0,0.0,0.0,0.0,20400.0,5966.0,13600.0,4736.0,55675.0,-30685.0,6800.0,433.0,0.0,0.0,0.0,0.0
102,12/11/2022 ,2022-11-12,130695.02696648966,3075.0,1939.0,13600.0,3414.0,0.0,0.0,0.0,0.0,18700.0,5786.0,13600.0,4736.0,70752.77777777778,-26373.0,5100.0,253.0,0.0,0.0,0.0,0.0
103,13/11/2022 ,2022-11-13,129730.2054450313,0.0,0.0,10058.333333333334,3039.0,0.0,0.0,831.25,1370.0,18437.5,5538.0,13453.611111111111,4720.5,69747.22222222222,-26233.0,0.0,0.0,0.0,0.0,0.0,0.0
104,14/11/2022 ,2022-11-14,129444.7765940276,1237.5,2598.0,11050.0,3673.0,0.0,0.0,2100.0,1805.0,15470.833333333332,5140.5,6800.0,2358.0,63411.38888888889,-27379.0,0.0,0.0,0.0,0.0,0.0,0.0
105,15/11/2022 ,2022-11-15,130306.12467104728,2200.0,2913.0,13600.0,3943.0,0.0,0.0,2100.0,1805.0,15400.0,3262.0,6800.0,2358.0,62585.555555555555,-23822.0,0.0,0.0,0.0,0.0,0.0,0.0
106,16/11/2022 ,2022-11-16,129779.65380425734,2200.0,2913.0,13600.0,3943.0,0.0,0.0,2100.0,1805.0,22861.11111111111,7053.0,6800.0,2358.0,60966.666666666664,-25922.0,0.0,0.0,0.0,0.0,0.0,0.0
107,17/11/2022 ,2022-11-17,130300.46582986534,2200.0,2913.0,10625.0,5128.0,2550.0,429.0,6066.666666666667,1504.0,29000.0,7703.0,7933.333333333333,3150.0,53600.0,-28585.0,0.0,0.0,0.0,0.0,0.0,0.0
108,18/11/2022 ,2022-11-18,129818.6334478324,2200.0,2913.0,13600.0,3946.0,6800.0,879.0,8375.0,1624.0,26850.0,7523.0,13600.0,3750.0,48858.33333333333,-30248.0,0.0,0.0,0.0,0.0,0.0,0.0
109,19/11/2022 ,2022-11-19,129470.99271884529,1650.0,2733.0,13600.0,3946.0,6800.0,879.0,6800.0,-1.0,20400.0,5884.0,13600.0,3750.0,51433.33333333333,-30158.0,0.0,0.0,0.0,0.0,0.0,0.0
110,20/11/2022 ,2022-11-20,130025.4397727518,0.0,0.0,13600.0,3946.0,6800.0,879.0,6800.0,-1.0,8358.333333333334,5959.0,13600.0,3750.0,48145.27777777778,-29482.5,0.0,0.0,0.0,0.0,0.0,0.0
111,21/11/2022 ,2022-11-21,130408.42857804692,0.0,0.0,13600.0,3946.0,6800.0,879.0,3966.666666666667,-301.0,13883.333333333332,5896.0,13600.0,3750.0,41700.0,-34423.0,0.0,0.0,0.0,0.0,0.0,0.0
112,22/11/2022 ,2022-11-22,129480.63251804163,320.83333333333337,1454.0,8570.833333333334,3413.5,566.6666666666666,219.0,1565.9722222222222,1237.0,20400.0,6586.0,8873.055555555555,3249.5,44208.333333333336,-32825.0,0.0,0.0,0.0,0.0,0.0,0.0
113,23/11/2022 ,2022-11-23,129841.07052608085,2100.0,2064.0,6800.0,1726.0,0.0,0.0,4100.0,1682.0,20400.0,6586.0,12183.333333333332,3667.0,50300.0,-32315.0,0.0,0.0,0.0,0.0,0.0,0.0
114,24/11/2022 ,2022-11-24,130763.6974498479,2100.0,2064.0,6800.0,1726.0,0.0,0.0,4100.0,1682.0,18416.666666666668,6376.0,13600.0,3817.0,54362.5,-30356.0,0.0,0.0,0.0,0.0,0.0,0.0
115,25/11/2022 ,2022-11-25,130044.56283489437,2100.0,2064.0,6800.0,1726.0,0.0,0.0,4100.0,1682.0,11475.0,5196.0,13600.0,3817.0,48930.555555555555,-32563.0,0.0,0.0,0.0,0.0,0.0,0.0
116,26/11/2022 ,2022-11-26,130719.99648299006,2100.0,2064.0,6800.0,1726.0,0.0,0.0,4100.0,1682.0,13600.0,3068.0,13600.0,3817.0,52987.5,-31286.0,0.0,0.0,0.0,0.0,0.0,0.0
117,27/11/2022 ,2022-11-27,129967.60906180923,2100.0,2064.0,12750.0,2988.0,0.0,0.0,4100.0,1682.0,13600.0,3068.0,11900.0,3637.0,60033.33333333333,-29715.0,0.0,0.0,0.0,0.0,0.0,0.0
118,28/11/2022 ,2022-11-28,129807.50741525015,2100.0,2064.0,15158.333333333334,4273.0,0.0,0.0,1025.0,1142.0,18558.333333333332,4749.0,6800.0,2358.0,58116.66666666667,-28575.0,0.0,0.0,0.0,0.0,0.0,0.0
119,29/11/2022 ,2022-11-29,129964.53117953637,700.0,1584.0,20400.0,4828.0,0.0,0.0,0.0,0.0,19058.88888888889,4802.0,6800.0,2358.0,60147.22222222222,-27877.0,0.0,0.0,0.0,0.0,0.0,0.0
120,30/11/2022 ,2022-11-30,129639.87604524904,0.0,0.0,19077.777777777777,4688.0,0.0,0.0,0.0,0.0,17094.444444444445,4376.0,6800.0,2358.0,55300.0,-30055.0,0.0,0.0,0.0,0.0,0.0,0.0
121,01/12/2022 ,2022-12-01,129237.86395099616,0.0,0.0,18133.333333333332,4639.0,0.0,0.0,0.0,0.0,20400.0,4726.0,6800.0,2358.0,55300.0,-30055.0,0.0,0.0,0.0,0.0,0.0,0.0
122,02/12/2022 ,2022-12-02,129335.48621424372,0.0,0.0,20400.0,4879.0,0.0,0.0,0.0,0.0,20400.0,4726.0,6800.0,2358.0,45284.72222222222,-29993.0,0.0,0.0,0.0,0.0,0.0,0.0
123,03/12/2022 ,2022-12-03,130361.54620043439,0.0,0.0,20400.0,4879.0,0.0,0.0,0.0,0.0,20400.0,4726.0,6800.0,2358.0,46700.0,-31681.0,0.0,0.0,0.0,0.0,0.0,0.0
124,04/12/2022 ,2022-12-04,129824.72567681238,0.0,0.0,11078.333333333334,3892.0,2083.333333333333,2104.0,1537.5,886.0,20541.666666666668,6443.0,9066.666666666666,3779.0,38486.38888888889,-32669.0,0.0,0.0,0.0,0.0,0.0,0.0
125,05/12/2022 ,2022-12-05,129923.8615069221,0.0,0.0,6800.0,1403.0,8900.0,3199.0,4100.0,1336.0,9633.333333333332,4565.0,13600.0,4259.0,32258.333333333336,-28335.0,4675.0,660.0,0.0,0.0,0.0,0.0
126,06/12/2022 ,2022-12-06,130347.82032843825,0.0,0.0,5100.0,1223.0,8900.0,3199.0,4450.0,2545.0,6800.0,2422.0,18700.0,5296.0,41989.58333333333,-28882.5,6800.0,885.0,0.0,0.0,0.0,0.0
127,07/12/2022 ,2022-12-07,130759.93472241562,0.0,0.0,0.0,0.0,8900.0,3199.0,6200.0,3145.0,6800.0,2422.0,20400.0,5476.0,46870.55555555555,-26492.0,6800.0,885.0,0.0,0.0,0.0,0.0
128,08/12/2022 ,2022-12-08,129966.70318216586,0.0,0.0,0.0,0.0,5128.055555555555,2589.5,6200.0,3145.0,6800.0,2422.0,20400.0,5476.0,52944.444444444445,18202.0,6800.0,885.0,0.0,0.0,0.0,0.0
129,09/12/2022 ,2022-12-09,130572.10000589173,0.0,0.0,0.0,0.0,0.0,0.0,3112.9166666666665,2428.0,2493.333333333333,1966.0,16093.333333333332,5020.0,51757.22222222222,13602.0,1416.6666666666667,315.0,0.0,0.0,0.0,0.0
130,10/12/2022 ,2022-12-10,130141.82885802108,0.0,0.0,3494.444444444444,1577.0,0.0,0.0,0.0,0.0,2408.3333333333335,2283.0,13600.0,3575.0,52466.66666666667,13585.0,0.0,0.0,0.0,0.0,0.0,0.0
131,11/12/2022 ,2022-12-11,129165.53215916744,2887.5,5239.0,6800.0,1927.0,0.0,0.0,0.0,0.0,6800.0,2748.0,13028.611111111111,3514.5,55279.16666666667,57077.5,0.0,0.0,0.0,0.0,0.0,0.0
132,12/12/2022 ,2022-12-12,130417.0484965175,4200.0,5689.0,6800.0,1927.0,0.0,0.0,0.0,0.0,6800.0,2748.0,6800.0,2358.0,64416.666666666664,56978.0,0.0,0.0,0.0,0.0,0.0,0.0
133,13/12/2022 ,2022-12-13,129343.09503162633,4200.0,5689.0,6800.0,1927.0,0.0,0.0,0.0,0.0,1416.6666666666667,2178.0,6800.0,2358.0,64766.66666666666,56060.0,0.0,0.0,0.0,0.0,0.0,0.0
134,14/12/2022 ,2022-12-14,129454.08829612785,1050.0,4609.0,7650.0,3055.0,0.0,0.0,0.0,0.0,0.0,0.0,6800.0,2358.0,57550.0,53165.0,0.0,0.0,0.0,0.0,0.0,0.0
135,15/12/2022 ,2022-12-15,130131.94800857877,0.0,0.0,12093.611111111111,3525.5,0.0,0.0,0.0,0.0,0.0,0.0,12466.666666666668,4275.0,42883.33333333333,49578.0,0.0,0.0,0.0,0.0,0.0,0.0
136,16/12/2022 ,2022-12-16,129747.71660448014,0.0,0.0,6800.0,1758.0,0.0,0.0,0.0,0.0,0.0,0.0,13600.0,4395.0,42925.833333333336,49841.5,0.0,0.0,0.0,0.0,0.0,0.0
137,17/12/2022 ,2022-12-17,129065.54775666796,0.0,0.0,6800.0,1758.0,0.0,0.0,0.0,0.0,0.0,0.0,16433.333333333336,5352.0,34950.0,48070.0,0.0,0.0,0.0,0.0,0.0,0.0
138,18/12/2022 ,2022-12-18,129769.80505089884,4250.0,1648.0,6800.0,1758.0,2477.083333333333,1160.0,0.0,0.0,0.0,0.0,18983.333333333332,5622.0,24325.0,3792.0,0.0,0.0,0.0,0.0,0.0,0.0
139,19/12/2022 ,2022-12-19,129620.77142432709,6800.0,1918.0,4816.666666666667,1548.0,4100.0,1445.0,0.0,0.0,1341.111111111111,1223.0,13600.0,3735.0,35487.5,7565.0,0.0,0.0,0.0,0.0,0.0,0.0
140,20/12/2022 ,2022-12-20,130035.17465201835,6800.0,1918.0,0.0,0.0,4100.0,1445.0,0.0,0.0,7933.333333333333,2725.0,13600.0,3735.0,35133.333333333336,12122.0,0.0,0.0,0.0,0.0,0.0,0.0
141,21/12/2022 ,2022-12-21,129951.48303270864,7166.666666666667,3133.0,0.0,0.0,4100.0,1445.0,0.0,0.0,13600.0,3325.0,13600.0,3735.0,40100.0,13670.0,0.0,0.0,0.0,0.0,0.0,0.0
142,22/12/2022 ,2022-12-22,130315.76387849229,3616.666666666667,3163.0,0.0,0.0,1452.0833333333335,980.0,0.0,0.0,13600.0,3325.0,8216.666666666666,3165.0,40666.66666666667,17614.0,0.0,0.0,0.0,0.0,0.0,0.0
143,23/12/2022 ,2022-12-23,129639.07587816572,2200.0,1815.0,0.0,0.0,0.0,0.0,0.0,0.0,7933.333333333333,2725.0,6800.0,2358.0,49362.49999999999,17658.0,0.0,0.0,0.0,0.0,0.0,0.0
144,24/12/2022 ,2022-12-24,130264.591865161,137.5,1140.0,0.0,0.0,0.0,0.0,0.0,0.0,12608.333333333332,3710.0,6800.0,2358.0,49776.944444444445,13384.5,0.0,0.0,0.0,0.0,0.0,0.0
145,25/12/2022 ,2022-12-25,130595.52345157153,0.0,0.0,0.0,0.0,0.0,0.0,0.0,0.0,8948.611111111111,3322.5,6800.0,2358.0,41248.61111111111,11517.5,0.0,0.0,0.0,0.0,0.0,0.0
146,26/12/2022 ,2022-12-26,130216.92205669118,0.0,0.0,0.0,0.0,0.0,0.0,0.0,0.0,6800.0,2291.0,6800.0,2358.0,43775.0,15259.0,0.0,0.0,0.0,0.0,0.0,0.0
147,27/12/2022 ,2022-12-27,130448.61325154899,0.0,0.0,0.0,0.0,0.0,0.0,0.0,0.0,6800.0,2291.0,6800.0,2358.0,42700.0,15877.0,0.0,0.0,0.0,0.0,0.0,0.0
148,28/12/2022 ,2022-12-28,129271.91477877268,0.0,0.0,566.6666666666666,844.0,0.0,0.0,0.0,0.0,6658.333333333334,3511.0,11333.333333333332,3446.0,38066.66666666667,14392.0,0.0,0.0,0.0,0.0,0.0,0.0
149,29/12/2022 ,2022-12-29,130611.80504435617,0.0,0.0,6800.0,1504.0,0.0,0.0,0.0,0.0,6800.0,1955.0,13600.0,3686.0,23323.88888888889,6715.0,0.0,0.0,0.0,0.0,0.0,0.0
150,30/12/2022 ,2022-12-30,129386.40206451343,0.0,0.0,6800.0,1504.0,0.0,0.0,0.0,0.0,8216.666666666666,3114.0,13600.0,3686.0,34316.66666666667,7173.0,0.0,0.0,0.0,0.0,0.0,0.0
151,31/12/2022 ,2022-12-31,130154.43329217388,0.0,0.0,6800.0,1504.0,0.0,0.0,0.0,0.0,13600.0,3684.0,20400.0,4965.0,35475.0,7248.0,0.0,0.0,0.0,0.0,0.0,0.0
152,01/01/2023 ,2023-01-01,130212.10810866387,0.0,0.0,4533.333333333333,1264.0,0.0,0.0,5950.0,2296.0,11333.333333333332,3444.0,18133.333333333332,4725.0,25962.5,5453.0,0.0,0.0,0.0,0.0,0.0,0.0
153,02/01/2023 ,2023-01-02,130381.24480677575,0.0,0.0,0.0,0.0,0.0,0.0,6800.0,2386.0,6800.0,1729.0,13600.0,3637.0,19673.61111111111,3980.5,0.0,0.0,0.0,0.0,0.0,0.0
154,03/01/2023 ,2023-01-03,129379.77140545026,0.0,0.0,0.0,0.0,0.0,0.0,6800.0,2386.0,5430.555555555556,1584.0,13600.0,3637.0,21713.61111111111,4625.5,0.0,0.0,0.0,0.0,0.0,0.0
155,04/01/2023 ,2023-01-04,130526.95481685695,0.0,0.0,4391.666666666667,1077.0,0.0,0.0,2833.3333333333335,1966.0,0.0,0.0,9633.333333333334,3217.0,30930.555555555555,6634.0,0.0,0.0,0.0,0.0,0.0,0.0
156,05/01/2023 ,2023-01-05,129894.20371218614,1618.75,2242.0,6800.0,1332.0,0.0,0.0,0.0,0.0,0.0,0.0,7933.333333333333,3018.0,33829.16666666667,8655.0,0.0,0.0,0.0,0.0,0.0,0.0
157,06/01/2023 ,2023-01-06,129301.01781200527,2100.0,2407.0,6800.0,1332.0,0.0,0.0,0.0,0.0,0.0,0.0,13600.0,3618.0,40191.66666666667,9827.0,0.0,0.0,0.0,0.0,0.0,0.0
158,07/01/2023 ,2023-01-07,130395.08641005516,2100.0,2407.0,6800.0,1332.0,0.0,0.0,0.0,0.0,0.0,0.0,13600.0,3618.0,40050.0,9812.0,0.0,0.0,0.0,0.0,0.0,0.0
159,08/01/2023 ,2023-01-08,129775.29665009645,2100.0,2407.0,4580.555555555556,2071.0,0.0,0.0,0.0,0.0,0.0,0.0,13600.0,3618.0,34317.22222222222,10551.0,0.0,0.0,0.0,0.0,0.0,0.0
